Team,Player Type,Draft Class,First Name,Last Name,Position,Shoots,Recruited by,Player Render,Jersey Number,Height,Weight,Birthplace,Strengths,Weakness,Points Available,Screening,Getting Open,Passing,Puckhandling,Shooting Accuracy,Shooting Range,Offensive Read,Checking,Hitting,Stickchecking,Shot Blocking,Faceoffs,Defensive Read,Acceleration,Agility,Balance,Speed,Stamina,Strength,Fighting,Aggression,Bravery,Determination,Team Player,Leadership,Temperament,Professionalism,Blocker,Glove,Poke Check,Positioning,Rebound,Recovery,Low Shots,Reflexes,Skating,Mental Toughness,Goalie Stamina,TPE,Played Position
Buffalo Stampede,Hybrid Goalie,S51,Elizabeth,Doyle,,Left,,Shannon Szabados,27,6ft 3in,217 lbs,Ireland,,,10,,,10,10,,,,,,,,,,,,,,,,,8,,15,15,15,,15,15,15,10,18,15,15,15,17,10,17,15,802,G
Buffalo Stampede,Two-Way Defenseman,S51,Nicholas,Owens,,Right,TnlAstatine,Alex Pietrangelo,75,"6'0""",200 lbs,Japan,,,24,5,9,15,15,9,12,15,15,13,15,12,5,15,14,13,15,15,13,,5,5,12,15,15,,15,15,,,,15,,,,,,,,841,D
Buffalo Stampede,SHL,S50,Rintarou,Okabe,,Left,@xDParK,Masahito Haruna,1,5'8,183,Japan,,,26,9,12,12,14,12,9,12,15,9,14,9,14,15,13,12,14,14,15,,5,5,12,15,15,,15,15,,,,15,,,,,,,,733,C
Buffalo Stampede,Two-Way Defenseman,S50,Augustus,Wang,,Left,,,18,6ft 2in,190 lbs,Canada,,,10,5,,15,15,12,15,15,15,9,15,12,5,16,15,15,15,15,15,,5,5,12,15,15,,15,15,,,,15,,,,,,,,1005,D
Buffalo Stampede,Playmaker Forward,S50,Aron,Hernadivic,,Left,Reddit,,56,"5'10""",180 lbs,Czech Republic,,,29,9,13,14,14,12,9,15,15,9,16,9,10,17,15,15,15,16,15,,5,5,12,15,15,,15,15,,,,16,,,,,,,,994,LW
Buffalo Stampede,SHL,S47,Nicolaj,Muller,,Left,Reddit,Brayden Point,81,"5'10""",183 lbs,Switzerland,,,1,12,17,13,17,17,12,17,12,9,13,9,9,12,17,17,17,17,15,,5,5,12,15,15,,15,15,,,,12,,,,,,,,1209,LW
Buffalo Stampede,Playmaker Forward,S46,Matt,Kholin,,Left,Reddit,Jesperi Kotkaniemi,91,6' 1'',205 lbs,Canada,,,35,14,18,16,17,18,8,20,15,13,13,10,13,13,17,15,15,17,16,,5,7,14,15,15,,15,15,,,,15,,,,,,,,1592,C
Buffalo Stampede,SHL,S46,Eric,Vanderberg,,Right,Reddit Thread,James van Riemsdyk,89,6'2,210,"Wilmington, DE, USA",,,8,5,10,17,17,12,10,15,14,8,13,13,5,17,15,15,15,15,15,,5,5,9,15,15,,15,15,,,,10,,,,,,,,905,D
Buffalo Stampede,Playmaker Forward,S46,Bobby,Sharp,,Right,u/achisling on Reddit,Brock Boeser,27,6ft 1in,215 lbs,United States,,,18,12,12,18,17,12,12,18,17,9,17,12,17,18,17,17,17,17,16,,5,5,12,15,15,,15,15,,,,12,,,,,,,,1655,C
Buffalo Stampede,Offensive Forward,S46,Monkey D.,Luffy,,Left,Reddit,,17,"5'8""",175 lbs,Canada,,,15,16,18,14,18,19,9,19,15,9,13,12,9,13,18,17,17,18,15,,5,5,13,15,15,,15,15,,,,13,,,,,,,,1721,C
Buffalo Stampede,Sniper Forward,S46,Michael,Scarn,,Right,caltroit_red_flames,,17,6ft 1in,195 lbs,Czech Republic,,,10,17,17,12,18,17,12,15,17,17,15,9,17,15,15,15,17,17,16,,5,5,12,15,15,,15,15,,,,12,,,,,,,,1669,C
Buffalo Stampede,Two-Way Defenseman,S(S45),Cassius,Darrow,,Right,Reddit thread in r/bluejackets,,81,6ft 2in,220 lbs,Germany,,,17,5,15,18,17,12,15,17,17,9,17,18,5,18,17,17,17,17,17,,5,5,13,15,15,,15,15,,,,18,,,,,,,,1881,D
Buffalo Stampede,Two-Way Forward,S(S45),Alexander,Selich,,Right,Tomen,,19,"6'10""",280 lbs,Germany,,,8,13,17,17,17,18,12,20,15,9,17,12,12,17,18,18,17,18,16,,5,5,12,15,15,,15,15,,,,13,,,,,,,,1867,RW
Buffalo Stampede,Two-Way Defenseman,S(S44),Poopity,Scoop,,Left,Yeezus,,00,6ft 7In,280 lbs,Kanye's Heart,,,6,5,15,16,17,12,15,15,18,17,17,17,5,19,18,15,18,15,18,,5,10,15,15,15,,15,15,,,,17,,,,,,,,1922,D
Buffalo Stampede,SHL,S(S43),Cedric,Robinson,,Right,Reddit,,73,6ft 7in,240 lbs,United States,,,1,,,9,8,,,,,,,,,,,,,,,,,8,,15,15,15,,15,15,15,9,17,15,15,15,17,8,17,15,729,G
Buffalo Stampede,Two-Way Forward,S(S43),Hippo,Passamus,,Right,Reddit,,6,"5'6""",290 lbs,"Borås, Sweden",,,,17,Open,17,18,Accuracy,Range,Read,18,17,17,Blocking,9,Read,15,15,17,17,16,,5,5,12,,,,,,,,,17,,,,,,,,1833,
Buffalo Stampede,Sniper,S(S39),Viktor,Marius,,Right,,,9,6'2,188,Latvia,,,4,12,18,13,18,18,12,19,15,12,9,9,9,15,19,17,16,18,16,,5,5,12,15,15,,15,15,,,,12,,,,,,,,1600,LW
Chicago Syndicate,Offensive Defenseman,S51,Abel,Skinner,,Left,DieselJ,Ken Daneyko,3,6ft 0in,195 lbs,United Kingdom,,,2,5,11,13,15,11,13,13,15,7,13,11,5,15,15,13,14,13,13,,5,5,11,15,15,,15,15,,,,15,,,,,,,,696,D
Chicago Syndicate,Playmaker Forward,S50,Ryan,Shepard,,Left,Reddit,Kyle Palmieri,21,6ft 0in,190 lbs,Canada,,,20,9,15,15,15,14,9,15,16,8,15,8,13,15,15,15,15,15,14,,5,5,11,15,15,,15,15,,,,15,,,,,,,,1013,C
Chicago Syndicate,Two-Way Defenseman,S50,Akira,Ren,,Left,Gorlab,,74,6ft 4in,220 lbs,Japan,,,28,5,13,15,15,12,14,15,15,9,15,12,5,15,17,15,15,16,15,,5,5,12,15,15,,15,15,,,,15,,,,,,,,1036,D
Chicago Syndicate,Sniper Forward,S48,Nick,Connolly,,Right,reddit,,9,5’10”,195 lbs,"Boston, Massachusetts",,,1,13,14,15,16,14,7,14,15,14,16,5,5,17,15,16,16,15,13,,5,5,12,15,15,,15,15,,,,16,,,,,,,,1186,LW
Chicago Syndicate,Offensive Forward,S47,Lallo,Selman,,Left,JNH,Timo Meier,11,5ft 11in,177 lbs,Canada,,,10,11,18,17,17,17,8,20,14,5,11,9,5,17,17,17,15,17,15,,5,5,11,15,15,,15,15,,,,14,,,,,,,,1516,LW
Chicago Syndicate,Offensive Defenseman,S47,Corey,Kennedy,,Right,reddit,Brent Burns,13,6ft 4in,205 lbs,"Kinsale, County Cork, Ireland",,,67,5,15,17,17,12,16,19,15,12,15,12,5,17,17,17,15,17,15,,5,5,12,15,15,,15,15,,,,16,,,,,,,,1573,D
Chicago Syndicate,SHL,S47,Martijn,Westbroek,,Left,Velevra,Mitch Marner,62,6'3'',210 lb,Netherlands,,,29,11,16,15,16,15,9,17,15,9,15,10,13,17,17,16,16,18,15,,5,5,12,15,15,,15,15,,,,15,,,,,,,,1394,C
Chicago Syndicate,Defensive Defenseman,S46,Jules,Watt,,Right,Esso2264,Alex Edler,31,6ft 5in,230 lbs,Finland,,,34,5,12,14,15,10,13,13,17,13,16,16,5,16,15,15,15,15,14,,5,8,13,15,15,,15,15,,,,15,,,,,,,,1102,D
Chicago Syndicate,Stand-Up Goalie,S46,Tibuk,Soonika,,Right,,,1,6ft 4in,210 lbs,Canada,,,31,,,11,10,,,,,,,,,,,,,,,,,8,,15,15,15,,15,17,17,12,20,17,17,16,20,15,15,17,1317,G
Chicago Syndicate,Hybrid Goalie,S46,Billy,Sorokin,,Right,r/hockey,,60,6ft 4in,200 lbs,Russia,,,1,,,7,7,,,,,,,,,,,,,,,,,8,,15,15,15,,15,14,14,7,17,14,14,14,17,7,14,7,517,G
Chicago Syndicate,SHL,S46,Parker,Smeb,,Right,xdpark/studmuffinz,Jesse Puljujarvi,83,6ft 4in,215 lbs,Korea,,,0,5,13,15,15,12,14,17,17,9,15,15,5,17,17,17,15,17,15,,5,5,13,15,15,,15,15,,,,15,,,,,,,,1309,D
Chicago Syndicate,SHL,S46,Daniel,Smeb,,Left,Velevra,Elias Petterson,7,6ft 1in,190 lbs,Korea,,,37,11,19,15,17,19,11,18,15,9,14,5,13,15,17,17,17,18,15,,5,5,13,15,15,,15,15,,,,13,,,,,,,,1664,C
Chicago Syndicate,Sniper Forward,S46,Kit,Smeb,,Left,JmanPens19,Martin St. Louis,17,5ft 7in,150 lbs,Korea,,,0,12,15,15,15,15,9,16,13,8,13,5,5,15,15,15,15,15,14,,5,5,12,15,15,,15,15,,,,14,,,,,,,,877,LW
Chicago Syndicate,Sniper Forward,S(S43),Jack,Kennedy,,Right,Reddit,,94,6ft 3in,225 lbs,Canada,,,0,11,15,16,15,16,9,17,13,7,16,6,5,17,17,16,15,17,15,,5,5,12,15,15,,15,15,,,,14,,,,,,,,1204,LW
Chicago Syndicate,Sniper,S(S42),Herb,Robert,,Left,N/A,,98,"6'2""",213 lbs,Canada,,,0,13,15,15,15,15,8,15,17,15,15,6,5,17,15,15,16,16,15,,5,5,12,15,15,,15,15,,,,15,,,,,,,,1165,RW
Chicago Syndicate,Two-Way Forward,S(S42),Cameron,Carter II,,Left,"Me, Myself and I",,#9,6'2,200,Canada/USA Dual (Will definitively choose a country for IIHF when I feel the need to.),,,7,18,17,14,16,15,11,15,15,17,15,11,5,16,15,14,17,17,15,,5,5,10,15,15,,15,15,,,,14,,,,,,,,1424,LW
Chicago Syndicate,Offensive Defenseman,S(S39),Liam,O'Callaghan,,Right,,,3,"6'2""",215lbs,"Kilkenny, Ireland",,,1,5,13,15,15,12,14,15,15,9,15,15,5,15,15,15,15,15,15,,5,5,13,15,15,,15,15,,,,15,,,,,,,,980,D
Hamilton Steelhawks,Stand-Up Goalie,S51,Elle,Rush,,Right,SecondSucks22,Sarah Nurse,13,5ft 5in,150 lbs,Canada,,,0,,,9,8,,,,,,,,,,,,,,,,,8,,15,15,15,,15,11,11,9,14,12,12,11,14,9,9,9,224,G
Hamilton Steelhawks,Two Way Defencemen,S50,Samuel,Michaud,,Right,reddit,Cale Makar,57,5ft 10in,205 lbs,United States,,,5,5,14,16,16,9,14,14,17,14,15,11,5,17,15,10,16,10,15,,5,5,9,15,15,,15,15,,,,13,,,,,,,,1033,D
Hamilton Steelhawks,Sniper,S49,Jagger,Fouquette,,Left,my icey fit,Brendan Gallagher,17,"5'6""",150 lbs,"Saskatoon, Canada",,,11,9,13,13,13,11,8,13,16,13,16,5,5,16,13,10,15,13,14,,5,5,5,15,15,,15,15,,,,10,,,,,,,,700,LW
Hamilton Steelhawks,Playmaker,S49,Skao,Anazibf,,Left,,Andre Burakovsky,12,"6'0""",180 lbs,"Novosibirsk, Russia",,,2,9,15,16,16,13,9,15,16,9,15,5,11,17,10,10,16,10,15,,5,5,9,15,15,,15,15,,,,12,,,,,,,,926,C
Hamilton Steelhawks,Two-Way Forward,S49,Hugh,Jazz,,L,@Waters,McDavid,69,8 foot 3,355lbs,Canada,,,3,9,15,16,16,13,9,17,17,9,16,5,5,17,12,12,16,12,15,,5,5,9,15,15,,15,15,,,,15,,,,,,,,1113,RW
Hamilton Steelhawks,Offensive Defenseman,S48,Gabriel,Johnson,,Right,Reddit,,33,5ft 11in,171 lbs,Canada,,,36,5,18,18,18,12,12,17,15,11,15,12,5,16,16,16,15,13,15,,5,5,9,15,15,,15,15,,,,14,,,,,,,,1348,D
Hamilton Steelhawks,Offensive Forward,S47,Dale,Miller,,Left,,,3,5ft 10in,180 lbs,United States,,,15,9,15,15,16,13,8,16,17,9,15,5,5,17,13,13,17,12,15,,5,5,9,15,15,,15,15,,,,13,,,,,,,,Calculation function not available,LW
Hamilton Steelhawks,Offensive Defenseman,S47,Jax,Duggan,,Right,r/Canucks,Drew Doughty,41,6'4,250,Canada,,,6,5,14,16,17,8,12,15,17,14,15,12,5,16,14,11,17,10,15,,5,5,9,15,15,,15,15,,,,15,,,,,,,,1142,D
Hamilton Steelhawks,Two-Way Forward,S47,Aaron,Wilson,,Right,Reddit,,13,6ft 2in,215 lbs,Canada,,,9,14,18,17,18,12,9,17,17,15,17,5,13,17,13,11,17,15,15,,5,5,8,15,15,,15,15,,,,10,,,,,,,,1535,C
Hamilton Steelhawks,Defensive Defenseman,S47,Akashi,SixNine,,Left,O4L,Henri Jokiharju,69,6ft 2in,280 lbs,Canada,,,0,6,14,16 10/25,16,7,13,15,16,12,15,12,5,17,13,10,16,14,15,,5,5,9,15,15,,15,15,,,,15,,,,,,,,1031,D
Hamilton Steelhawks,Two-Way Forward,S46,Knute,Knurtsson,,Right,,Dylan Larkin,18,6ft 1in,198 lbs,Sweden,,,5,9,15,14,17,12,9,13,18,9,15,5,12,16,12,10,17,15,15,,5,5,9,15,15,,15,15,,,,15,,,,,,,,1116,C
Hamilton Steelhawks,Offensive Defenseman,S(S43),Tig,Murphy,,Left,Reddit,,94,6ft 2in,212 lbs,Ireland,,,54,5,17,18,18,8,13,17,17,13,17,12,5,18,15,12,18,15,16,,5,5,11,15,15,,15,15,,,,17,,,,,,,,1717,D
Hamilton Steelhawks,Two-Way Defenseman,S(S42),Troy,McClure III,,L,INCITE HYSTERIA,,3,6 8,271,(Note that your choice here determines which IHF team you will be eligible for. Read the International Recruiting Subforum before choosing!) Lány Czechoslovakia,,,0,5,13,17,15,9,13,15,17,11,17,14,5,17,13,11,17,12,16,,5,5,10,15,15,,15,15,,,,17,,,,,,,,1186,D
Hamilton Steelhawks,Butterfly Goalie,S(S42),Geezus,Kryyst,,Right,,,79,6' 2'',210,"Independence, MO (the second time)",,,66,,,12,12,,,,,,,,,,,,,,,,,8,,15,15,15,,15,20,17,15,20,18,17,18,19,14,15,18,1621,G
Hamilton Steelhawks,Sniper,S(S41),Flacko,Lagerfield,,Left,Evok,,47,5'10,160,"Chicago, Illinois, United States of America",,,10,7,20,16,18,17,11,17,15,8,15,5,5,16,16,15,17,14,16,,5,5,10,15,15,,15,15,,,,11,,,,,,,,1422,LW
Hamilton Steelhawks,Sniper,S(S35),Sophia,Bennett,,Right,CRUTCHFIELD,,9,"5'8""",150,"Brandon, Manitoba, Canada",,,4,7,17,14,16,13,9,17,15,8,14,5,5,15,14,15,17,16,15,,5,5,5,15,15,,15,15,,,,10,,,,,,,,1020,RW
Hamilton Steelhawks,Two-Way Forward,S(S35),Robert,Phelps,,Left,Kaisonious (Reddit),,52,"6'3""",210 lbs,"Vancouver, Canada",,,32,12,18,15,17,17,11,17,15,9,15,9,9,15,16,15,17,16,15,,5,5,12,15,15,,15,15,,,,13,,,,,,,,1379,C
Manhattan Rage,SHL,S50,Phineas,Gold,,Right,,,17,5ft 11in,190 lbs,United States,,,22,16,15,12,15,16,7,15,13,12,10,9,5,15,13,15,15,14,15,,5,9,15,15,15,,15,15,,,,12,,,,,,,,962,LW
Manhattan Rage,SHL,S50,Luca,Veccelli,,L,Symmetrik,Nico Hischier,18,"5'10""",184 lbs,,,,0,10,10,15,15,10,9,16,15,6,15,5,14,16,15,15,13,16,14,,5,5,15,15,15,,15,15,,,,13,,,,,,,,925,C
Manhattan Rage,Two-Way Defenseman,S49,Derek,Bohne Jr.,,Left,,,29,6ft 4in,225 lbs,United States,,,0,5,7,13,13,6,11,12,13,12,13,13,5,16,11,10,13,13,12,,6,5,11,15,15,,15,15,,,,15,,,,,,,,570,D
Manhattan Rage,SHL,S47,Austin,Roenick,,Right,your mum,Nikita Kucherov,58,6ft 1in,210 lbs,Ireland,,,48,14,19,13,15,20,12,17,12,9,12,7,5,13,17,15,15,18,15,,5,7,13,15,15,,15,15,,,,13,,,,,,,,1364,RW
Manhattan Rage,Power Forward,S46,Anastasia,O’Koivu,,Left,,Rebecca Johnston,14,5ft 11in,165 lbs,Russia,,,0,16,15,14,13,15,9,15,14,15,12,8,5,16,13,13,16,13,15,,9,10,16,15,15,,15,15,,,,14,,,,,,,,1065,RW
Manhattan Rage,SHL,S46,David,Vent,,Right,Off,Bryan Rust,75,6ft 6in,265 lbs,Czech Republic,,,12,5,15,15,17,12,16,17,15,11,15,14,5,15,15,15,14,15,15,,5,9,15,15,15,,15,15,,,,15,,,,,,,,1207,D
Manhattan Rage,SHL,S46,Andrej,Doskočil,,Left,Reddit,,3,6ft 0in,215 lbs,Czech Republic,,,1,7,12,15,15,9,12,13,16,13,13,17,5,18,15,15,16,15,16,,5,12,15,15,15,,15,15,,,,17,,,,,,,,1273,D
Manhattan Rage,SHL,S46,Peter,Larson,,Left,Acsolap,Jannik Hansen,1,6ft 3in,200 lbs,Denmark,,,13,,,14,14,,,,,,,,,,,,,,,,,8,,15,15,15,,15,17,17,13,19,17,18,17,18,13,18,17,1379,G
Manhattan Rage,SHL,S(S44),Barret,McCarthy,,Right,,,27,6ft 2in,225 lbs,United States,,,36,5,16,18,17,12,15,19,15,14,15,16,5,19,17,17,16,17,17,,5,8,15,15,15,,15,15,,,,17,,,,,,,,1860,D
Manhattan Rage,Two-Way Forward,S(S44),Rainbow,Dash,,Left,Jasper Clayton,,20,5ft 7in,173 lbs,Cloudsdale,,,0,11,17,17,15,16,12,17,11,10,14,7,5,16,16,15,15,16,15,,5,7,15,15,15,,15,15,,,,15,,,,,,,,1198,LW
Manhattan Rage,Offensive Defenseman,S(S43),Craig,Finley,,Right,Monkey10pts,,18,6ft 1in,210 lbs,United States,,,2,5,10,13,15,9,12,13,16,13,15,16,5,16,13,10,14,14,15,,5,5,10,15,15,,15,15,,,,16,,,,,,,,853,D
Manhattan Rage,Playmaker Forward,S(S43),Alex,Winters,,Left,Caltroit_Red_Flames,,17,"6'4""",225,"Pardubice, Czech Republic",,,4,11,17,20,18,14,8,20,15,9,15,7,6,15,15,15,17,17,15,,5,5,10,15,15,,15,15,,,,18,,,,,,,,1614,RW
Manhattan Rage,SHL,S(S43),Luke,Thomason,,Left,Reddit,,43,6ft 0in,185 lbs,Czech Republic,,,33,15,17,17,18,18,12,20,13,13,15,9,16,17,19,17,15,19,16,,5,7,15,15,15,,15,15,,,,15,,,,,,,,2013,LW
Manhattan Rage,SHL,S(S43),Jax,Aittokallio,,Right,teztify,,13,"6'1""",208 lbs,"Edmonton, Alberta, Canada",,,6,14,18,17,18,17,10,18,15,10,15,9,15,18,17,16,15,18,17,,5,7,14,15,15,,15,15,,,,17,,,,,,,,1847,C
Manhattan Rage,SHL,S(S42),David,Kastrba,,Right,,,8,"5'10""",173,Czechoslovakia,,,8,16,13,16,16,14,8,16,17,16,15,10,5,16,16,14,14,17,15,,5,10,16,15,15,,15,15,,,,17,,,,,,,,1450,LW
Manhattan Rage,Butterfly Goalie,S(S42),Scottey,Crawfling,,doesn't,,,1,"6'8""",250,,,,0,,,13,12,,,,,,,,,,,,,,,,,8,,15,15,15,,15,16,16,12,16,16,15,16,16,12,12,15,774,G
Manhattan Rage,SHL,S(S41),Reginald,MacIntyre,,Left,Ace,,71,"6'5""",250 lb,"Inverness, Scotland, United Kingdom",,,21,10,14,14,17,10,12,14,16,17,13,15,5,17,13,12,16,14,15,,5,10,14,15,15,,15,15,,,,17,,,,,,,,1339,D
New England Rage,Goalie,S51,Mike,Hroch,,Right,StamkosFan,,82,7ft 6in,350 lbs,Czech Republic,,,8,,,12,12,,,,,,,,,,,,,,,,,8,,15,15,15,,15,15,15,12,15,12,13,15,15,10,12,11,497,G
New England Rage,SHL,S49,Jakub,Bruchevski,,Right,StamkosFan,Henrik Zetterberg,7,"6'2""",215 lbs,"St. Petersburg, Russia",,,9,13,15,13,14,17,9,17,13,10,13,10,15,15,15,13,15,15,14,,5,5,7,15,15,,15,15,,,,12,,,,,,,,960,C
New England Rage,Two-Way Forward,S47,Boris,Poroshenko,,Left,Yosuf,Dmitri Khristich,7,"6' 3""",230 lbs,Ukraine,,,8,15,15,13,16,15,12,17,15,14,12,9,15,14,15,14,16,15,15,,5,10,11,15,15,,15,15,,,,13,,,,,,,,1188,
New England Rage,SHL,S47,Eko,van Otter,,Left,r/fantasyhockey,Andre Burakovsky,13,5ft 11in,183 lbs,Norway,,,11,12,18,14,18,17,10,19,15,10,13,9,9,15,17,17,15,19,15,,5,6,11,15,15,,15,15,,,,15,,,,,,,,1561,LW
New England Rage,SHL,S47,Slap,McShotty,,Right,Reddit recruitment thread,,84,"6' 4""",220,United States,,,8,15,16,17,17,16,8,16,15,10,13,9,16,16,16,16,15,16,16,,5,5,15,15,15,,15,15,,,,15,,,,,,,,1465,C
New England Rage,SHL,S46,Dick,Clapper,,Left,,Jujhar Khaira,13,"6' 4""",220 lbs,Canada,,,12,15,16,18,17,18,10,17,17,11,16,7,9,17,16,15,17,15,16,,5,9,13,15,15,,15,15,,,,17,,,,,,,,1657,LW
New England Rage,Offensive Defenseman,S46,Dylan,Karlsson,,Right,StamkosFan,Erik Karlsson,7,6ft 1in,205 lbs,Sweden,,,0,7,10,13,16,8,12,12,16,15,12,12,5,17,16,13,16,13,11,,6,8,11,15,15,,15,15,,,,13,,,,,,,,862,D
New England Rage,SHL,S46,Guy,Zheng,,Right,reddit,Jett Woo,40,"6' 3""",215 lbs,United Kingdom,,,2,5,15,18,17,12,16,18,16,13,15,15,5,17,17,17,15,17,17,,5,5,14,15,15,,15,15,,,,16,,,,,,,,1652,D
New England Rage,SHL,S46,Perry,Morgan,,Left,Reddit thread,Josh Mahura,43,6ft 2in,250 lbs,United Kingdom,,,1,5,10,17,17,11,11,10,17,17,14,17,5,16,14,13,17,14,17,,13,5,13,15,15,,15,15,,,,15,,,,,,,,1337,D
New England Rage,SHL,S44,Ola,Wagstrom,,Left,Hfboards,,66,6ft 3in,213 lbs,Sweden,,,14,18,20,15,20,20,12,20,15,10,14,11,5,16,20,15,14,20,16,,5,5,9,15,15,,15,15,,,,14,,,,,,,,2163,RW
New England Rage,Offensive Defenseman,S(S43),Maximilian,Egger,,Left,AndrewWarren13,,9,"6'0""",205 lbs,Austria,,,42,5,15,15,18,12,18,18,13,12,14,13,5,15,16,16,13,16,13,,7,10,11,15,15,,15,15,,,,15,,,,,,,,1280,D
New England Rage,Two-Way Defenseman,S(S43),Rex,Kirkby,,Right,Reddit,,13,6ft 2in,212 lbs,United Kingdom,,,2,5,15,18,17,12,17,19,17,14,18,17,5,19,17,15,16,16,17,,5,5,15,15,15,,15,15,,,,17,,,,,,,,1992,D
New England Rage,Power Forward,S(S42),Rafe,Ulrich,,Right,,,13,"6'7""",220 lbs,"Longyearbyen, Svalbard",,,8,12,15,14,16,15,9,13,15,14,15,8,9,17,16,13,16,16,13,,5,9,14,15,15,,15,15,,,,18,,,,,,,,1183,LW
New England Rage,Hybrid Goalie,S(S41),Benjamin,Blue,,,,,82,6 foot 6,255,"Stockholm, Sweden",,,15,,,15,15,,,,,,,,,,,,,,,,,8,,15,15,15,,15,15,16,15,20,15,15,15,20,16,15,17,1261,G
New England Rage,SHL,S(S40),Ensio,Kalju,,Right,Recreate,,2,6Â´3,220,"Turku, Finland",,,13,5,15,16,16,12,16,16,15,14,17,15,5,17,16,16,15,15,16,,5,5,14,15,15,,15,15,,,,18,,,,,,,,1538,D
New England Rage,Two-Way Forward,S(S39),Anders,Christiansen,,Right,Reddit,,93,6'1',195,"Bergen, Norway",,,12,13,15,17,17,15,12,18,15,13,15,12,9,18,15,12,16,16,16,,5,13,13,15,15,,15,15,,,,17,,,,,,,,1440,C
Tampa Bay Barracuda,SHL,S50,Tobias,Lindeman,,Left,CleverPin,Henrik Lundqvist,30,6ft 4in,225 lbs,Sweden,,,1,,,12,9,,,,,,,,,,,,,,,,,8,,15,15,15,,15,10,10,7,13,10,11,11,12,10,12,13,221,G
Tampa Bay Barracuda,Forward,S50,Michael,Fitted,,Left,Ehm blueline,,21,5ft 8in,175 lbs,Finland,,,17,8,12,16,15,12,11,16,12,5,11,5,10,13,15,16,15,14,15,,5,5,12,15,15,,15,15,,,,13,,,,,,,,804,C
Tampa Bay Barracuda,Sniper Forward,S50,James,Ronlain,,Left,,Hunter Skinner,37,6'2,205lbs,"Winchester, Massachusetts, USA",,,27,13,15,10,13,15,10,16,15,13,14,9,10,15,14,13,13,14,14,,5,7,12,15,15,,15,15,,,,14,,,,,,,,854,RW
Tampa Bay Barracuda,Forward,S50,Tom,Fiddler,,Right,,,13,6ft 2in,210 lbs,United States,,,18,5,11,15,14,11,9,16,14,11,14,9,12,16,14,14,15,14,15,,5,5,11,15,15,,15,15,,,,14,,,,,,,,831,C
Tampa Bay Barracuda,SHL,S49,Anthony,Archer,,Right,Torbvo,Nolan Patrick,42,6ft 2in,182 lbs,Canada,,,55,10,11,16,16,11,11,16,15,10,15,5,10,15,10,10,16,14,13,,5,5,12,15,15,,15,15,,,,17,,,,,,,,907,LW
Tampa Bay Barracuda,SHL,S48,Duke,Duckworth,,Left,,Morgan Reilly,5,6ft 7in,200 lbs,Ireland,,,0,7,11,12,12,12,7,13,10,7,5,6,5,5,11,11,5,10,11,,5,5,11,15,15,,15,15,,,,7,,,,,,,,217,D
Tampa Bay Barracuda,SHL,S47,Ender,Zavala,,Right,StamkosFan,Rickard Rakell,67,5ft 10in,190 lbs,Sweden,,,0,7,7,12,12,12,7,13,10,7,5,5,5,5,11,11,5,10,11,,5,5,11,15,15,,15,15,,,,7,,,,,,,,202,D
Tampa Bay Barracuda,SHL,S47,Miikka,Salo,,L,,,80,6'3,225,,,,4,5,5,11,12,12,11,15,5,5,15,5,5,15,10,10,10,10,12,,5,10,13,15,15,,15,15,,,,15,,,,,,,,454,
Tampa Bay Barracuda,Playmaker Forward,S47,Gunnar,Söderberg,,Right,jjaybs,William Nylander,19,5ft 11in,195 lbs,Sweden,,,26,14,17,16,17,17,12,17,15,10,13,7,8,14,15,17,15,16,15,,5,8,12,15,15,,15,15,,,,15,,,,,,,,1289,RW
Tampa Bay Barracuda,Defensive Defenseman,S46,Jøln,DuBølk,,Right,Reddit Post,,6,6' 5'',210 lbs,Sweden,,,19,7,7,17,17,10,10,10,17,11,16,17,5,16,11,12,15,15,15,,9,9,13,15,15,,15,15,,,,18,,,,,,,,1178,D
Tampa Bay Barracuda,Offensive Defenseman,S46,Nikolai,Evans,,Left,Your mom,Matthew Tkachuk,19,6ft 2in,210 lbs,Russia,,,3,6,13,15,15,12,15,17,15,15,15,15,5,17,15,15,16,15,15,,5,7,15,15,15,,15,15,,,,17,,,,,,,,1291,D
Tampa Bay Barracuda,Sniper,S46,Olivier,Cloutier,,left,recreate,Jack Studnicka,23,"5'7""",165 lbs,"Lyon, France (dual citizenship with ??)",,,37,15,18,12,15,18,11,17,14,5,13,8,11,15,18,18,18,18,15,,5,5,12,15,15,,15,15,,,,14,,,,,,,,1551,RW
Tampa Bay Barracuda,SHL,S(S45),Nolan,Sawchuk,,Right,recreate,Mathew Barzal,21,6ft 1in,188 lbs,Iceland,,,8,12,18,14,17,17,12,18,14,12,13,10,5,15,15,15,14,17,16,,5,7,9,15,15,,15,15,,,,16,,,,,,,,1296,RW
Tampa Bay Barracuda,SHL,S(S44),Bernard,Freeman,,Right,Allen,,87,"6' 3""",225,"Port Arthur, TX, USA",,,0,16,17,12,13,17,5,15,10,5,5,10,10,5,13,10,10,13,12,,5,5,11,15,15,,15,15,,,,10,,,,,,,,623,RW
Tampa Bay Barracuda,SHL,S(S43),Sean,Stevenson Jr.,,Right,Myself,,3,"6'1""",226,"Salem, OR USA",,,1,5,13,16,15,12,16,17,12,12,14,14,5,14,16,16,15,15,16,,5,5,13,15,15,,15,15,,,,15,,,,,,,,1105,D
Tampa Bay Barracuda,SHL,S(S43),Johannes,Leitner,,L,NSFL,,9,6'4,198,"Innsbruck, Austria",,,19,,,12,15,,,,,,,,,,,,,,,,,8,,15,15,15,,15,15,16,12,18,15,17,17,18,12,16,15,1041,G
Toronto North Stars,SHL,S50,Bobby,Lane,,Left,,Patrick Kane,88,"5'11""",183 lbs,"East Grand Forks, MN, USA",,,47,10,16,15,16,16,9,17,11,9,14,7,7,14,15,15,15,15,15,,5,7,13,15,15,,15,15,,,,13,,,,,,,,1042,RW
Toronto North Stars,Sniper Forward,S51,Ruslan,Zaporozhets,,Right,Recreate,Ruslan Fedotenko,18,6ft 1in,200 lbs,"Zaporizhzhya, Ukraine",,,0,14,14,14,14,14,8,14,12,12,12,8,7,12,13,15,14,13,15,,6,8,11,15,15,,15,15,,,,12,,,,,,,,780,LW
Toronto North Stars,Offensive Forward,S50,First-Name,Last-Name,,Right,Reddit- r/hockey,,29,6ft 0in,200 lbs,Canada,,,27,12,15,12,13,15,8,13,12,11,11,10,15,12,13,13,13,13,13,,5,7,13,15,15,,15,15,,,,11,,,,,,,,646,C
Toronto North Stars,SHL,S50,Daniel,Kuster,,Right,,,13,6ft 1in,198 lbs,Switzerland,,,37,5,14,15,14,10,13,14,12,8,12,13,5,13,14,14,12,12,13,,5,5,13,15,15,,15,15,,,,13,,,,,,,,648,D
Toronto North Stars,Offensive Defenseman,S50,Ursin,Zimmermann,,Left,Reddit,,21,6ft 3in,200 lbs,Switzerland,,,8,5,14,15,15,8,14,14,14,8,15,13,5,14,15,15,13,12,15,,5,8,14,15,15,,15,15,,,,13,,,,,,,,841,D
Toronto North Stars,SHL,S50,Kevin,Robinson,,Right,Reddit,,77,6ft 2in,200 lbs,United States,,,59,11,11,14,13,11,7,12,12,5,12,10,8,13,12,10,12,11,13,,5,5,13,15,15,,15,15,,,,12,,,,,,,,481,C
Toronto North Stars,SHL,S49,Cal,Clucker,,Left,,,27,6ft 1in,200 lbs,United States,,,3,5,8,12,14,8,9,11,13,9,14,15,5,15,12,11,15,12,13,,5,5,12,15,15,,15,15,,,,15,,,,,,,,589,D
Toronto North Stars,SHL,S49,Jan,Zacha,,Right,,Pavel Zacha,67,"5' 11""",210 lbs,"Kladno, Czechoslovakia",,,20,5,11,15,14,11,8,14,12,5,12,12,13,13,14,14,11,11,14,,5,5,12,15,15,,15,15,,,,12,,,,,,,,571,C
Toronto North Stars,SHL,S48,Mika,Kandinsky,,Right,r/devils,Pavel Zacha,77,6ft 1in,220 lbs,Russia,,,21,12,15,15,16,15,7,18,16,10,16,10,14,18,14,14,15,14,15,,5,5,11,15,15,,15,15,,,,16,,,,,,,,1282,C
Toronto North Stars,Hybrid Goalie,S47,Harry,Carpet,,Right,Reddit,,48,"6'3""",208 lbs,"Turku, Finland",,,44,,,14,14,,,,,,,,,,,,,,,,,8,,15,15,15,,15,17,17,14,18,18,18,17,18,14,18,17,1440,G
Toronto North Stars,Sniper Forward,S47,Joseph,Laraque,,Left,Flareon4043,Oliver Wahlstrom,8,5ft 11in,187 lbs,"Charlestown, MA, United States",,,0,9,12,11,13,14,8,12,14,10,13,9,8,13,12,12,13,13,13,,5,9,13,15,15,,15,15,,,,13,,,,,,,,510,LW
Toronto North Stars,Butterfly Goalie,S46,Eddy,Ask Jr.,,Left,Chris-McZehrl,Henrik Lundqvist,30,6ft 2in,200 lbs,Sweden,,,4,,,8,10,,,,,,,,,,,,,,,,,8,,15,15,15,,15,14,14,13,15,13,13,14,15,9,14,15,495,G
Toronto North Stars,Two-Way Defenseman,S46,Kalevi,Karhunen,,Left,reddit,,7,6ft 3in,230 lbs,Finland,,,2,5,10,12,15,8,13,12,15,14,13,13,5,14,13,11,13,11,14,,5,8,12,15,15,,15,15,,,,14,,,,,,,,621,D
Toronto North Stars,Two-Way Defenseman,S46,Donny,McMasters,,Left,TnlAstatine,,83,6ft 2in,210 lbs,Canada,,,0,5,10,13,13,8,11,12,13,11,13,13,5,13,11,10,13,11,13,,5,5,5,15,15,,15,15,,,,13,,,,,,,,449,D
Toronto North Stars,SHL,S(S44),Shaquille,Derisraka,,Right,Patrikov Bure,,34,6ft 2in,208 lbs,Russia,,,4,15,14,10,14,12,8,12,14,14,13,10,5,14,12,10,14,13,13,,5,12,13,15,15,,15,15,,,,13,,,,,,,,673,C
West Kendall Platoon,SHL,S52,Sabo,Tage,,Right,,Moritz Seider,23,6ft 4in,205 lbs,Canada,,,4,5,10,13,12,12,12,14,15,10,15,13,5,15,12,12,12,12,14,,5,5,7,15,15,,15,15,,,,14,,,,,,,,598,D
West Kendall Platoon,SHL,S51,Luca,Del Vecchio,,Left,-,,1,6ft 0in,201 lbs,Italy,,,21,,,10,11,,,,,,,,,,,,,,,,,8,,15,15,15,,15,15,16,13,17,17,15,15,16,12,14,16,822,G
West Kendall Platoon,SHL,S50,Karl,Krashwagen,,Right,Reddit,,53,6ft 3in,210 lbs,Germany,,,33,15,15,12,15,15,8,15,14,14,11,11,5,15,15,12,13,15,14,,5,5,11,15,15,,15,15,,,,13,,,,,,,,896,RW
West Kendall Platoon,SHL,S50,Jack,Wilson,,Right,Reddit,Charlie McAvoy,55,6ft 1in,210 lbs,Ireland,,,2,5,11,15,14,10,10,17,10,10,15,12,5,17,6,7,12,13,7,,5,5,8,15,15,,15,15,,,,14,,,,,,,,595,D
West Kendall Platoon,Stand-Up Goalie,S49,Marques,Brownlee,,Right,,Marques Brownlee,88,6ft 3in,160 lbs,United States,,,0,,,,,,,,,,,,,,,,,,,,,,,,,,,,,,,,,,,,,,,253,G
West Kendall Platoon,SHL,S49,Delver,Fudgeson,,Right,,,22,6ft 3in,200 lbs,Canada,,,18,5,12,14,15,12,15,15,13,7,14,14,5,15,15,15,13,15,15,,5,5,11,15,15,,15,15,,,,15,,,,,,,,879,D
West Kendall Platoon,SHL,S46,Ethan,Ross,,L,Me,Roman Josi,96,6ft5,210,Austria,,,32,5,13,18,17,14,12,16,15,13,15,13,5,15,15,16,13,17,17,,5,9,13,15,15,,15,15,,,,14,,,,,,,,1273,LW
West Kendall Platoon,Playmaker Forward,S46,Yoshimitsu,McCloud,,Right,academydropout (via Discord),,64,6ft 3in,210 lbs,Ireland,,,2,8,11,17,16,15,7,16,15,10,11,7,16,12,16,16,14,15,15,,5,5,12,15,15,,15,15,,,,12,,,,,,,,999,RW
West Kendall Platoon,Sniper Forward,S46,Petr,Mikulak,,Right,Reddit,Tomas Nosek,92,6ft 2in,178 lbs,Czech Republic,,,0,8,15,13,15,16,8,15,13,10,13,7,8,15,17,17,17,17,15,,5,5,12,15,15,,15,15,,,,12,,,,,,,,1038,RW
West Kendall Platoon,Offensive Forward,S(S45),Nickolas,Klaus,,Left,Jepox,Jordan Eberle,9,6ft 11in,300 lbs,Norway,,,0,16,16,14,15,18,12,17,11,11,13,12,16,16,14,15,15,15,15,,5,5,12,15,15,,15,15,,,,14,,,,,,,,1246,C
West Kendall Platoon,Defensive Defenseman,S(S45),Nat,Emerson,,Left,Reddit,,34,6ft 4in,250 lbs,United States,,,18,8,12,15,16,10,16,14,16,16,16,16,5,18,15,15,15,17,17,,5,5,13,15,15,,15,15,,,,18,,,,,,,,1496,D
West Kendall Platoon,Two-Way Forward,S(S44),Brock,Nuck,,Right,,,46,"6'2""",225 lbs,Latvia,,,31,14,16,15,15,17,12,17,13,12,14,8,10,14,16,14,15,16,15,,7,9,14,15,15,,15,15,,,,14,,,,,,,,1181,RW
West Kendall Platoon,Two-Way Defenseman,S(S42),Geoff,Moore,,Right,-,,2,"6'3""",206 lbs,"Trenton, NJ, USA",,,,5,11,13,15,11,12,13,18,18,15,15,5,18,15,15,17,16,16,,5,9,15,15,15,,15,15,,,,18,,,,,,,,1493,D
West Kendall Platoon,Offensive Forward,S(S41),Dayymo,Ralchankinov,,Right,Schmidt back in 2015 lel,,14,"6""3",194,Moscow Russia,,,15,10,15,13,15,18,12,15,12,5,12,10,5,12,16,16,15,17,15,,5,5,12,15,15,,15,15,,,,12,,,,,,,,985,C
West Kendall Platoon,Playmaking Defenseman,S(S41),Kristaps,Ball,,Right,DrunkenTeddy,,19,"6'0""",200 lbs,"KrÄslava, Latvia",,,4,5,15,18,17,12,14,16,15,5,15,16,5,15,14,14,13,14,14,,5,5,9,15,15,,15,15,,,,15,,,,,,,,1081,D
Calgary Dragons,Sniper Forward,S50,Alexei,Rykov,,Right,achisling,Anatoly Golyshev,13,6ft 3in,205 lbs,Russia,,,9,12,16,12,14,18,8,17,10,10,9,5,5,12,15,15,15,15,15,,5,5,10,15,15,,15,15,,,,11,,,,,,,,895,LW
Calgary Dragons,Sniper Forward,S50,Joseph,Weston,,Left,Reddit,,24,6ft 1in,202 lbs,United States,,,4,11,17,13,14,16,10,16,12,10,12,10,5,14,15,14,13,15,14,,5,5,7,15,15,,15,15,,,,12,,,,,,,,813,LW
Calgary Dragons,SHL,S49,Prince,Devitt,,Left,XLeafer,,7,5ft 11in,190 lbs,Ireland,,,0,8,12,15,16,6,14,13,15,15,12,14,6,16,14,12,14,14,16,,8,5,14,15,15,,15,15,,,,16,,,,,,,,977,D
Calgary Dragons,Butterfly Goalie,S48,Biz,Nasty,,Left,,Paul Bissonnette,69,6ft 7in,210 lbs,Germany,,,0,,,8,8,,,,,,,,,,,,,,,,,8,,15,15,15,,15,12,13,10,15,13,13,13,15,8,12,12,347,G
Calgary Dragons,Power Forward,S48,Atlas,Rush,,Right,,Tom Wilson,44,6ft 4in,225 lbs,Canada,,,0,14,14 14/15,13,14,15,8,14,15,16,12,8,5,14,14,13,15,15,15,,6,10,14,15,15,,15,15,,,,13,,,,,,,,967,RW
Calgary Dragons,Two-Way Forward,S47,Esa,Parmborg,,Left,O4L,Aleksander Barkov,77,"7'0""",350 lbs,"Hella, Iceland",,,0,14,15,17,16,15,8,17,15,13,15,10,15,17,17,16,15,17,17,,5,7,13,15,15,,15,15,,,,16,,,,,,,,1495,C
Calgary Dragons,Two-Way Defenseman,S46,Oliver,Klozoff,,Right,re-create,Sean William Scott,7,6’1”,220,"Dikson, Russia",,,17,8,11,15,14,7,14,12,15,13,15,15,5,17,14,14,15,15,16,,5,7,12,15,15,,15,15,,,,16,,,,,,,,999,D
Calgary Dragons,Offensive Defenseman,S46,Brennan,Kennedy Jr,,Left,Reddit,,16,"6'4""",235,"Vienna, Austria",,,8,6,15,18,18,12,16,18,15,12,16,15,5,17,16,16,16,16,17,,5,9,15,15,15,,15,15,,,,16,,,,,,,,1662,D
Calgary Dragons,Playmaker Forward,S46,Barry,Batsbak,,Right,Reddit,Evgeny Kuznetsov,92,6ft 2in,204 lbs,Canada,,,16,15,15,19,18,16,8,18,12,11,12,6,17,14,17,17,16,17,16,,5,9,15,15,15,,15,15,,,,13,,,,,,,,1623,C
Calgary Dragons,Two-Way Defenceman,S46,Chico,Smeb,,Right,xDParK,,9,6'8,220,Korea,,,0,10,17,16,16,12,18,17,13,12,14,14,5,15,15,15,14,15,16,,5,5,13,15,15,,15,15,,,,15,,,,,,,,1258,
Calgary Dragons,Defensive Defenseman,S46,Bernik,Vrzala,,Right,/u/achisling on /r/hockey Reddit,Jaromir Jagr,16,"6' 2""",210lbs,"Kladno, Czech Republic",,,11,8,12,14,15,8,14,13,15,12,15,15,5,17,17,15,15,16,15,,5,5,12,15,15,,15,15,,,,16,,,,,,,,1073,
Calgary Dragons,Playmaker Forward,S(S45),Maxime,Bouchard,,Left,"Samee, Jss, Geck",Claude Giroux,5,5ft 11in,190 lbs,Canada,,,3,12,16,19,17,17,10,19,15,13,15,10,11,17,16,17,15,16,18,,8,8,16,15,15,,15,15,,,,17,,,,,,,,1797,RW
Calgary Dragons,Offensive Forward,S(S44),Mikael,Choybuk,,Right,,,5,"6'2""",195 lbs,Canada,,,13,14,19,15,17,20,10,18,8,5,14,10,5,14,16,15,13,18,16,,5,8,12,15,15,,15,15,,,,11,,,,,,,,1426,LW
Calgary Dragons,Two-Way Forward,S(S43),Nicky,Pedersen Jr.,,Right,Steelhead77,,9,6'4,230,"Ridgebury, CT",,,6,17,17,15,17,18,10,17,14,12,13,8,14,15,16,15,16,17,16,,5,5,16,15,15,,15,15,,,,15,,,,,,,,1566,LW
Calgary Dragons,Butterfly Goalie,S(S41),Kata,Vilde,,Left,Steelhead77,,1,"6'3""",215,"Marstrand, Sweden",,,10,,,15,14,,,,,,,,,,,,,,,,,8,,15,15,15,,15,17,18,14,19,17,19,18,20,14,19,18,1701,G
Calgary Dragons,Sniper,S(S40),Shooter,McGavin,,Right,_,,01,"6'2""",190,"New York, New York, USA",,,0,15,17,14,16,18,10,17,13,11,12,8,5,13,16,14,14,16,15,,5,7,12,15,15,,15,15,,,,13,,,,,,,,1111,LW
Calgary Dragons,Two-Way Defenseman,S(S40),Otis B.,Driftwood,,Right,The Gorgeous Ladies of Wrestling,,33,"6'3""",245,"Queens, N.Y.",,,13,8,13,18,17,12,14,16,17,17,16,16,5,18,16,14,16,16,16,,7,8,15,15,15,,15,15,,,,18,,,,,,,,1723,D
Calgary Dragons,Two-Way Forward,S(S35),Mike,Izzy,,Right,Steelhead77,,19,6 feet 0 inches,228,"Whitby, Ontario",,,7,16,17,15,16,16,11,15,17,17,14,8,5,15,15,14,16,16,15,,5,10,15,15,15,,15,15,,,,15,,,,,,,,1449,LW
Edmonton Blizzard,SHL,S51,Danila,Zhernov,,Right,karl,Jonathan Toews,9,6ft 3in,220 lbs,Ukraine,,,12,5,5,12,11,7,10,10,14,11,13,13,5,15,13,11,13,12,12,,5,7,10,15,15,,15,15,,,,15,,,,,,,,484,D
Edmonton Blizzard,SHL,S50,Daniel,Bischoff,,Right,,,34,6ft 1in,174 lbs,Switzerland,,,6,13,13,13,13,16,12,15,14,11,13,7,9,15,14,14,14,15,13,,5,7,13,15,15,,15,15,,,,13,,,,,,,,789,C
Edmonton Blizzard,Power Forward,S49,Jean-Paul,Boivin,,Right,Reddit,BRAD MALONE,67,"6'3""",200 lbs,"Toronto, Canada",,,0,15,15,12,14,16,12,14,16,14,13,7,10,15,12,12,14,15,14,,10,8,15,15,15,,15,15,,,,13,,,,,,,,1019,LW
Edmonton Blizzard,Two-Way Defenseman,S49,FR,Finn-Rhys,,Left,Jepox,,78,6ft 2in,217 lbs,Switzerland,,,7,5,14,15,15,12,15,16,15,11,16,15,5,17,14,15,15,15,15,,5,5,11,15,15,,15,15,,,,17,,,,,,,,1124,D
Edmonton Blizzard,Two-Way Forward,S49,Conor,Tanner,,Right,@Beaver,Jack Eichel,13,6ft 7in,270 lbs,The Moon,,,11,9,11,16,15,13,10,10,17,8,16,10,14,17,14,15,15,14,12,,5,9,11,15,15,,15,15,,,,16,,,,,,,,984,C
Edmonton Blizzard,Hybrid Goalie,S48,Emiko,Spector,,Right,SDcore,Emerance Maschmeyer,34,6ft 5in,190 lbs,Japan,,,16,,,15,14,,,,,,,,,,,,,,,,,8,,15,15,15,,15,16,16,14,15,15,17,16,17,16,15,15,992,G
Edmonton Blizzard,Offensive Forward,S48,Jon,Forty-One,,Right,,John Wick,41,6ft 1in,190 lbs,United Kingdom,,,21,15,15,17,16,16,12,16,15,9,14,7,15,15,15,15,15,15,14,,5,8,13,15,15,,15,15,,,,15,,,,,,,,1208,RW
Edmonton Blizzard,Sniper Forward,S48,Barrett,Blackwood,,Left,Slashacm,Jared McCann,22,6'1,190,United States,,,0,15,15,14,15,20,11,15,13,12,11,8,9,13,15,13,14,18,15,,5,5,10,15,15,,15,15,,,,13,,,,,,,,1061,RW
Edmonton Blizzard,Offensive Forward,S47,Julio,Tokolosh,,Right,achisling,A Cow,13,"5' 6""",185,United States,,,11,11,13,18,18,15,12,18,15,11,17,10,13,18,16,17,15,17,16,,5,5,13,15,15,,15,15,,,,14,,,,,,,,1541,RW
Edmonton Blizzard,Playmaker Forward,S46,James,Truong,,Right,,,31,5'9,200 lbs,Canada,,,16,10,14,16,17,15,12,17,14,10,13,5,5,14,17,17,16,16,15,,5,6,14,15,15,,15,15,,,,15,,,,,,,,1225,RW
Edmonton Blizzard,Offensive Defenseman,S46,Karlstraße,Scholz,,Left,,Thomas Chabot,65,6ft 2in,220 lbs,"Echternach, Luxembourg",,,43,5,18,15,18,12,18,18,17,13,15,12,5,15,17,17,15,15,17,,5,5,13,15,15,,15,15,,,,16,,,,,,,,1640,D
Edmonton Blizzard,Two Way Forward,S(S43),Tony,Pepperoni,,Left,Re-creation,,16,6ft 5in,229 lbs,Canada,,,50,16,18,17,17,17,12,18,17,11,15,9,16,17,17,17,17,17,17,,5,9,14,15,15,,15,15,,,,17,,,,,,,,1968,
Edmonton Blizzard,Two-Way Defenseman,S(S42),Jordan,von Matt,,Right,Reddit (r/canucks),,6,6'3,195,"Vancouver, Canada",,,0,5,7,15,13,11,13,13,16,10,15,15,5,15,14,14,15,14,15,,5,9,12,15,15,,15,15,,,,15,,,,,,,,833,D
Edmonton Blizzard,Hybrid Goalie,S(S39),Tommy,Tuck,,Left,ErM,,33,6'7,350,"Oslo, Norway",,,0,,,8,9,,,,,,,,,,,,,,,,,8,,15,15,15,,15,18,18,12,17,16,15,18,16,9,12,12,892,G
Edmonton Blizzard,Two-Way Defenseman,S(S39),Brady,McIntyre,,Left,/r/hockey,,10,"6'4""",220,"Grand Haven, Michigan",,,20,5,15,18,18,12,15,18,15,12,16,13,5,18,17,17,17,17,16,,5,9,15,15,15,,15,15,,,,18,,,,,,,,1783,D
Edmonton Blizzard,Two-Way Defenseman,S(S37),Tor,Tuck,,Right,Steelhead77,,19,"5'10""",210,"Oslo, Norway",,,22,5,12,17,15,12,15,16,17,11,15,15,5,17,15,15,17,17,15,,5,9,15,15,15,,15,15,,,,17,,,,,,,,1409,D
Edmonton Blizzard,Sniper,S(S37),Hercules,Rockefeller,,Left,,,24,"5'11""",195 lbs,"Hamilton, Ontario",,,13,16,16,13,16,16,12,16,15,11,12,9,9,12,16,16,16,16,14,,5,5,11,15,15,,15,15,,,,12,,,,,,,,1124,LW
Los Angeles Panthers,Two-Way Forward,S51,Kenny,Creller,,Left,Recreate,Rourke Chartier,66,6'3,210,"Kilkenny, Ireland",,,14,7,11,15,15,12,7,14,14,8,14,6,5,13,16,15,14,14,14,,5,7,13,15,15,,15,15,,,,12,,,,,,,,801,LW
Los Angeles Panthers,Two-Way Forward,S50,Vorian,Atreides,,Right,Ace,Gabriel Landeskog,92,6ft 3in,239 lbs,United Kingdom,,,38,10,13,15,15,15,9,16,14,9,15,8,15,15,15,15,15,15,14,,5,5,10,15,15,,15,15,,,,11,,,,,,,,987,C
Los Angeles Panthers,Two-Way Defenseman,S50,Disisde,Dayudie,,Right,,Adam Larsson,6,6ft 3in,209 lbs,Japan,,,49,5,13,15,15,8,13,13,15,11,15,13,5,16,13,13,15,15,14,,5,9,12,15,15,,15,15,,,,16,,,,,,,,946,D
Los Angeles Panthers,Hybrid Goalie,S49,Nolan,McMahon,,Left,,MacKenzie Blackwood,29,6ft 4in,210 lbs,Switzerland,,,18,,,9,10,,,,,,,,,,,,,,,,,8,,15,15,15,,15,15,15,10,17,18,17,15,15,8,15,15,798,G
Los Angeles Panthers,Butterfly Goalie,S49,Knox,Booth,,Right,Marley,Jose Theodore,60,6'5,215,"Victoria, BC, Canada",,,15,,,14,14,,,,,,,,,,,,,,,,,8,,15,15,15,,15,16,16,15,17,16,17,16,17,15,17,16,1116,G
Los Angeles Panthers,Offensive Forward,S49,Elijah,Jones,,Left,,PK Subban,33,6ft 0 in,190 lbs,Mexico,,,20,16,17,14,17,18,7,17,13,11,11,6,8,13,16,15,15,15,15,,5,6,13,15,15,,15,15,,,,12,,,,,,,,1184,RW
Los Angeles Panthers,Defensive Defenseman,S48,Simon,LeBlanc,,Left,r/habs on reddit,Noah Dobson,16,5'11'',180 lbs,"Montreal,Canada",,,22,7,12,15,14,8,15,14,16,15,14,14,5,15,14,15,15,14,14,,9,7,13,15,15,,15,15,,,,15,,,,,,,,1004,D
Los Angeles Panthers,Offensive Defenseman,S48,Oliver,Cleary,,Right,,Thomas Chabot,97,"6'3""",215 lbs,"Toronto, Ontario",,,16,5,15,17,,10,16,17,15,12,14,14,5,16,15,15,15,15,16,,5,9,12,15,15,,15,15,,,,14,,,,,,,,1278,D
Los Angeles Panthers,Sniper Forward,S47,Theo,Morgan,,Left,Wasty,Mikko Rantanen,96,6ft 2in,210 lbs,Canada,,,32,11,17,15,17,18,8,17,15,11,15,5,5,15,17,17,17,17,15,,5,7,13,15,15,,15,15,,,,13,,,,,,,,1442,RW
Los Angeles Panthers,Offensive Defenseman,S47,Tony,Ford,,Right,Reddit.com/r/Canucks post,Alex Edler,47,"6' 3""",200,United Kingdom,,,12,8,15,16,17,12,17,14,15,15,13,15,8,16,16,16,15,15,16,,5,7,14,15,15,,15,15,,,,14,,,,,,,,1337,D
Los Angeles Panthers,Two-Way Defenseman,S47,Thomas,Bathory,,Right,recreate,TBD,83,6'3,207,"Nyírbátor, Hungary",,,6,9,13,16,15,9,15,14,12,14,15,15,6,16,15,14,15,15,14,,9,11,12,15,15,,15,15,,,,16,,,,,,,,1066,
Los Angeles Panthers,Sniper Forward,S46,Borromini,Cannellini,,Left,,Evgeni Malkin,17,6ft 4in,210 lbs,United States,,,,14,13,18,15,15,6,16,14,14,15,8,16,15,15,14,15,16,16,,5,10,14,,,,,,,,,15,,,,,,,,1264,C
Los Angeles Panthers,Sniper Forward,S(S45),Hiro,Fujikawa,,Right,,Kailer Yamamoto,88,6ft 1in,200 lbs,"Fukuoka, Japan",,,39,14,17,16,,18,8,17,12,12,,7,,14,15,15,17,15,17,,5,7,15,15,15,,15,15,,,,14,,,,,,,,1377,RW
Los Angeles Panthers,Sniper,S(S43),Philipp Alexander,Winter,,Right,-,,17,"6'2""",197 lbs,"Buffalo, NY (German Citizenship)",,,54,13,19,15,17,20,12,18,13,13,13,12,13,13,17,17,17,17,17,,5,11,13,15,15,,15,15,,,,13,,,,,,,,1746,LW
Los Angeles Panthers,Playmaker,S(S43),Max,Mauldin,,Right,Recreate,,32,"6'5"" (77)",215lbs,"San Jose, CA, USA",,,17,13,15,18,16,15,6,16,17,12,15,8,18,19,15,15,15,14,16,,6,7,14,15,15,,15,15,,,,18,,,,,,,,1630,C
Los Angeles Panthers,Sniper,S(S40),Gottlieb-Odilo-Dankward,McZehrl,,Left,Recreate,,88,"6'2""",203,Germany,,,31,14,17,17,18,17,8,17,16,12,16,9,15,17,16,16,16,15,16,,5,9,15,15,15,,15,15,,,,15,,,,,,,,1662,C
Los Angeles Panthers,Two-Way Defenseman,S(S39),Jon,Toner,,Left,Reddit,,3,6'1,200,"Killarney, Ireland",,,1,5,13,17,15,12,15,16,15,8,17,15,5,18,17,16,16,17,16,,5,12,12,15,15,,15,15,,,,17,,,,,,,,1479,D
Minnesota Chiefs,Forward,S52,Stirling,MacTavish,,Left,,Travis Konecny,22,5ft 11in,194 lbs,Great Britain,,,28,5,12,17,13,7,5,15,10,5,12,5,15,12,12,12,11,15,13,,5,5,6,15,15,,15,15,,,,13,,,,,,,,588,C
Minnesota Chiefs,Hybrid Goalie,S50,Markus,Tegernako,,Left,Reddit,Jonathan Quick,42,"6' 1""",195 lbs,"Köniz, SWI",,,0,,,13,13,,,,,,,,,,,,,,,,,8,,15,15,15,,15,15,15,14,16,16,17,16,17,13,16,16,926,G
Minnesota Chiefs,SHL,S48,Haley,Knight,,Left,Jearim,Hilary Knight,79,"6'2""",220,Canada,,,0,5,5,10,10,5,5,10,14,5,13,13,5,14,11,12,13,12,14,,5,5,7,15,15,,15,15,,,,13,,,,,,,,400,D
Minnesota Chiefs,Two-Way Defenseman,S48,Noah,Tedla,,Left,BDonini,,61,6ft 3in,190 lbs,United States,,,0,5,13,15,17,12,12,15,13,11,14,12,5,15,15,15,14,15,14,,5,5,12,15,15,,15,15,,,,18,,,,,,,,985,D
Minnesota Chiefs,Butterfly Goalie,S48,Kasperi,Braulin,,Left,,Jordan Binnington,50,6ft 3in,200 lbs,Germany,,,1,,,11,11,,,,,,,,,,,,,,,,,8,,15,15,15,,15,13,13,11,15,14,15,14,15,11,14,12,480,G
Minnesota Chiefs,Defenseman,S47,Igor,Volkov,,Left,Reddit,Robin Lehner,57,6ft 4in,214 lbs,Russia,,,80,5,5,12,15,10,10,12,17,14,12,12,5,17,12,12,15,12,14,,5,12,14,15,15,,15,15,,,,17,,,,,,,,957,D
Minnesota Chiefs,SHL,S47,Noah,Gallagher,,Left,re-create,Leon Draisaitl,92,6ft 2in,208 lbs,Ireland,,,12,15,16,9,17,16,8,18,19,19,10,9,5,12,10,12,15,15,13,,5,5,10,15,15,,15,15,,,,12,,,,,,,,1365,LW
Minnesota Chiefs,Two-Way Forward,S47,Marc,Hagan,,Left,,Mike Fisher,12,6ft 3in,204 lbs,United States,,,0,15,15,10,12,15,11,16,10,5,5,12,15,12,11,15,15,10,13,,5,7,14,15,15,,15,15,,,,12,,,,,,,,763,
Minnesota Chiefs,Two-Way Defenseman,S46,Mathias,Seger,,Left,/r/hockey,Mathias Seger,15,5ft 11in,190 lbs,Switzerland,,,30,5,14,17,17,12,16,15,17,8,17,16,5,17,15,15,16,16,16,,5,5,15,15,15,,15,15,,,,19,,,,,,,,1602,D
Minnesota Chiefs,SHL,S46,Collin,Gibbles,,Right,Reddit,Henrik Zetterberg,53,6ft 0in,230 lbs,United States,,,1,8,10,18,17,12,12,19,17,5,18,12,8,18,17,17,15,17,15,,5,8,12,15,15,,15,15,,,,17,,,,,,,,1651,RW
Minnesota Chiefs,Two-Way Forward,S(S44),Shouta,Aizawa,,Right,Recreate,,18,6ft 0in,215 lbs,Czech Republic,,,0,12,12,13,15,10,10,12,15,8,15,8,10,16,16,12,15,16,12,,5,7,13,15,15,,15,15,,,,15,,,,,,,,809,C
Minnesota Chiefs,Sniper,S(S43),Eero,Niemi,,Left,recreate,,81,"6'0""",176,"Oulu, FINLAND",,,0,10,15,10,16,16,10,16,10,5,8,8,8,12,16,15,15,15,13,,5,5,7,15,15,,15,15,,,,12,,,,,,,,745,RW
Minnesota Chiefs,Two-Way Forward,S(S40),Florence,Clijsters,,Right,Recreate,,9,"5'4""",141,"Saint Petersburg, Russia",,,0,6,10,12,14,11,10,11,14,5,14,5,14,15,14,12,14,14,13,,5,8,12,15,15,,15,15,,,,15,,,,,,,,648,C
Minnesota Chiefs,Defensive Defenseman,S(S39),Ti-Guy,Emond,,Left,Reddit,,43,"6'6""",240,"Quebec, CAN",,,0,5,5,12,15,10,12,12,17,10,16,15,5,15,12,15,15,12,12,,5,8,10,15,15,,15,15,,,,17,,,,,,,,864,D
Minnesota Chiefs,Two-Way Defenseman,S(S39),Bob,Bergen,,Right,Reddit,Liam Stewart,22,6ft 2in,220lb,"Cambridge, England",,,0,5,17,12,17,12,16,18,11,6,11,12,5,15,14,14,13,13,14,,5,5,7,15,15,,15,15,,,,15,,,,,,,,923,D
Minnesota Chiefs,Two-Way Forward,S(S38),Artemi,Berezin,,Left,,,96,6'0,185,Russia,,,13,15,14,14,15,14,10,15,8,6,12,5,14,13,13,13,14,14,14,,5,5,8,15,15,,15,15,,,,12,,,,,,,,724,C
Minnesota Chiefs,Sniper,S(S38),Bobby,Watson,,,Shmurph,,7,6'2'',220,Australia,,,0,10,17,10,17,19,12,19,10,5,10,10,6,12,15,12,12,15,12,,5,5,7,15,15,,15,15,,,,12,,,,,,,,950,RW
New Orleans Specters,Sniper Forward,S50,Thomas,Vanice,,Right,recreate,Thomas Vanek,90,6ft 2in,218 lbs,Austria,,,9,11,15,13,13,17,11,15,11,9,13,7,9,13,13,13,13,17,15,,5,5,11,15,15,,15,15,,,,13,,,,,,,,785,LW
New Orleans Specters,Defensive Defenseman,S50,Jakob,Hamr,,Right,C9 Van,Ivan Drago (Rocky IV),2,6ft 5in,250 lbs,Czech Republic,,,0,6,8,14,15,9,10,10,14,15,14,14,5,14,12,11,12,13,14,,5,5,9,15,15,,15,15,,,,15,,,,,,,,627,D
New Orleans Specters,Sniper,S49,Raquel,Castillo Gutierrez,,Left,Jiggly_333,,20,"6'2""",185,"South Essex, England",,,4,10,18,10,16,18,12,18,7,5,11,10,5,12,12,12,11,13,15,,5,7,9,15,15,,15,15,,,,12,,,,,,,,836,RW
New Orleans Specters,Defensive Defenseman,S48,Darnell,Johnson,,Left,,JT Brown,3,5ft 10in,165 lbs,United States,,,2,7,10,13,11,9,10,10,15,14,13,18,5,15,13,10,15,13,16,,11,5,14,15,15,,15,15,,,,15,,,,,,,,857,D
New Orleans Specters,Two-Way Defenseman,S48,Lyle,Odelein III,,Right,Reddit user - RipTokyoRepper,Lyle Odelein,24,6ft 2in,210 lbs,Canada,,,21,6,13,16,17,12,16,17,14,14,16,13,5,16,14,14,16,17,16,,5,5,12,15,15,,15,15,,,,16,,,,,,,,1329,D
New Orleans Specters,SHL,S48,Padraig,Sarantez,,Right,Me,,17,6ft 6in,215 lbs,Ireland,,,0,5,10,13,12,8,9,10,11,7,13,9,5,13,13,11,13,13,13,,5,5,10,15,15,,15,15,,,,13,,,,,,,,374,D
New Orleans Specters,Two-Way Defenseman,S48,Kaspars,Claude,,Right,Otrebor13,Matt Grzelcyk,10,6ft 3in,225 lbs,Latvia,,,38,5,14,16,16,12,13,16,15,15,17,15,5,17,15,14,16,17,15,,5,9,9,15,15,,15,15,,,,17,,,,,,,,1330,D
New Orleans Specters,Offensive Defenseman,S47,Charlie,Serpe,,Left,,Quinn Hughes,13,5ft 11in,185 lbs,United States,,,16,5,13,17,17,10,10,15,13,5,16,17,5,17,15,15,11,17,16,,5,5,9,15,15,,15,15,,,,17,,,,,,,,1167,D
New Orleans Specters,Offensive Forward,S47,Filip,Zadina,,Right,,Filip Zadina,11,6ft 0in,196 lbs,Czech Republic,,,1,13,14,13,13,15,9,13,17,15,14,8,13,15,15,10,15,15,10,,5,9,13,15,15,,15,15,,,,13,,,,,,,,873,RW
New Orleans Specters,Playmaker Forward,S46,Michael,Fox,,Right,Reddit,Martin Necas,88,5ft 11in,185lbs,United States,,,13,5,18,15,17,18,10,18,15,5,12,7,7,14,15,16,15,16,16,,5,5,14,15,15,,15,15,,,,16,,,,,,,,1342,RW
New Orleans Specters,Sniper Forward,S46,Jimmy,Slothface,,Left,Reddit thread,Filip Zadina,61,6ft 1in,200 lbs,Finland,,,13,11,17,18,16,17,9,19,15,10,14,6,10,15,16,17,16,16,18,,7,7,16,15,15,,15,15,,,,15,,,,,,,,1649,RW
New Orleans Specters,Two-Way Forward,S(S45),Mika,Mayfield,,Right,TheDangaZone,Amy Adams,42,"5'8""",165 lbs,(Note that your choice here determines which IHF team you will be eligible for. Read the International Recruiting Subforum before choosing!) Italy - represents Ireland in IIHF,,,14,8,18,14,18,18,11,18,14,8,14,12,10,15,17,17,17,18,16,,5,5,12,15,15,,15,15,,,,15,,,,,,,,1569,LW
New Orleans Specters,Two-Way Forward,S(S43),Nicholas,Williams,,Right,/u/Caltroit_Red_Flames,,73,"6'-2""",207lbs,"Detroit, MI, USA",,,33,14,16,16,17,17,8,17,16,10,17,5,18,16,18,17,17,18,16,,5,5,12,15,15,,15,15,,,,14,,,,,,,,1816,LW
New Orleans Specters,Hybrid Goalie,S(S43),Aleister,Cain,,Left,Reddit,,28,"5'9""",160 lbs,"Chicago, Illinois",,,0,,,10,10,,,,,,,,,,,,,,,,,8,,15,15,15,,15,20,20,11,20,15,16,20,20,10,20,20,1822,G
New Orleans Specters,Two-Way Forward,S(S43),Lil’,Manius,,Right,me,,77,6’ 9”,265,"Onchiota, NY",,,4,17,17,15,17,17,10,17,15,15,17,12,17,17,17,15,17,17,17,,8,8,15,15,15,,15,15,,,,15,,,,,,,,1875,RW
New Orleans Specters,Butterfly Goalie,S(S39),Sebastien,Primeau,,Right,Google Search,,4,6ft,200,"Montreal, Quebec, Canada",,,1,,,8,8,,,,,,,,,,,,,,,,,8,,15,15,15,,15,16,16,8,17,12,12,16,16,8,16,12,636,G
New Orleans Specters,Offensive Forward,S(S39),DeMaricus,Smyth,,Right,,,42,"6'2""",197,"Blansko, CZE",,,8,10,17,15,17,12,17,17,13,14,13,15,7,17,16,16,16,16,18,,7,10,14,15,15,,15,15,,,,17,,,,,,,,1544,D
New Orleans Specters,Offensive Forward,S(S31),Joe,Kurczewski,,Left,Reddit,,81,6'1,240,"Buffalo, NY",,,20,13,15,16,15,15,10,17,13,9,14,12,5,15,15,15,13,15,15,,5,5,12,15,15,,15,15,,,,15,,,,,,,,1047,RW
San Fransisco Pride,SHL,S50,Henrik,Lekberg Osterman,,Right,Reddit,,3,6ft 0in,200 lbs,Sweden,,,21,10,14,17,15,15,8,15,13,13,15,9,9,15,15,14,15,15,15,,5,9,13,15,15,,15,15,,,,14,,,,,,,,985,LW
San Fransisco Pride,SHL,S50,Ian,Venables,,Right,Reddit,Joey Daccord,67,"6'4""",222,Canada,,,2,,,11,11,,,,,,,,,,,,,,,,,8,,15,15,15,,15,15,15,11,17,13,15,15,17,13,14,13,665,G
San Fransisco Pride,SHL,S49,Bo,Kane,,Right,,William Nylander,2,5ft 9in,195 lbs,Canada,,,30,16,16,15,16,18,8,16,15,9,13,7,12,14,15,13,13,16,15,,5,8,12,15,15,,15,15,,,,13,,,,,,,,1136,C
San Fransisco Pride,SHL,S48,Jonas,Larsen,,Left,,Cody Glass,25,6ft 3in,200 lbs,Norway,,,16,9,16,12,16,16,12,16,13,5,10,10,5,10,15,15,15,15,15,,5,8,10,15,15,,15,15,,,,10,,,,,,,,830,LW
San Fransisco Pride,Power Forward,S46,Nathan,Explosion,,Right,,,23,6''4,222 lb,Finland,,,0,20,16,12,15,12,8,13,17,17,12,9,14,12,11,12,16,14,11,,12,10,13,15,15,,15,15,,,,12,,,,,,,,1183,LW
San Fransisco Pride,SHL,S46,Patrice,Nadeau,,Left,Reddit,,15,6ft 4in,218 lbs,Canada,,,,,,13,15,,,,,,,,,,,,,,,,,,,,,,,,15,15,15,15,15,15,15,15,15,14,,723,G
San Fransisco Pride,SHL,S(S45),Dominic,Montgomery,,Right,Recreate,Brock Boeser,74,"6'2""",195 lb,"St. Clair Shores, MI, USA",,,36,9,13,17,18,10,16,16,17,11,15,13,6,18,16,17,17,17,18,,5,6,14,15,15,,15,15,,,,17,,,,,,,,1695,D
San Fransisco Pride,SHL,S(S45),Leopold,Lockhart,,Left,Recreate,Brett Howden,27,"6'1""",182 lbs,"Concord, MA",,,37,15,18,18,18,12,12,18,16,10,16,14,5,16,18,18,12,14,18,,5,5,15,15,15,,15,15,,,,16,,,,,,,,1812,D
San Fransisco Pride,Two-Way Defenseman,S(S44),Ray,Bork,,Left,VBottas17,,7,"6'0""",192 lbs,United Kingdom,,,9,5,10,15,19,11,11,11,17,17,18,15,5,20,8,13,17,13,19,,5,7,10,15,15,,15,15,,,,19,,,,,,,,1721,D
San Fransisco Pride,SHL,S(S43),Richard,Metcalf Jr.,,Left,That guy who posted to r/hockey,,14,"5'9""",180,"St. Paul, MN",,,0,10,10,20,19,10,10,16,10,10,10,10,10,10,16,16,13,15,15,,8,5,6,15,15,,15,15,,,,10,,,,,,,,1014,RW
San Fransisco Pride,Playmaker Forward,S(S43),Steven,Moyer,,Right,,,23,6ft 5in,215 lbs,Canada,,,27,6,14,20,19,16,10,18,12,7,11,9,15,15,18,16,15,17,16,,5,5,12,15,15,,15,15,,,,15,,,,,,,,1554,C
San Fransisco Pride,SHL,S(S43),Vince,Rieper,,Left,N/A,,24,6ft 3in,236 lbs,United States,,,3,14,17,15,17,17,12,18,13,7,14,8,8,13,17,18,15,17,15,,5,7,15,15,15,,15,15,,,,14,,,,,,,,1388,LW
San Fransisco Pride,SHL,S(S43),Jeff,Brogen,,Left,,,9,6ft 1in,215 lbs,Canada,,,28,15,17,14,18,20,8,18,14,5,14,7,7,15,18,14,14,16,18,,5,5,15,15,15,,15,15,,,,14,,,,,,,,1590,LW
San Fransisco Pride,Offensive Defenseman,S(S42),Tokek,Takshak,,Right,jss,,58,"6'1""",175,"Jakarta, Indonesia",,,0,5,5,12,15,8,10,8,17,15,12,12,5,16,15,13,15,12,12,,10,10,14,15,15,,15,15,,,,15,,,,,,,,773,D
San Fransisco Pride,Offensive Defenseman,S(S42),Charlie,Schieck,,Left,Wannabefinn,,65,"6'3""",190lbs,Canada,,,11,9,15,20,16,10,15,17,16,10,16,13,5,15,17,17,16,16,16,,5,5,15,15,15,,15,15,,,,15,,,,,,,,1503,D
San Fransisco Pride,SHL,S(S41),Piotr,Czerkawski,,Left,cpetrella,,77,6'2'',220,"Radomsko, Poland",,,35,15,18,15,18,18,12,19,14,13,13,8,10,15,17,17,17,17,17,,5,7,15,15,15,,15,15,,,,15,,,,,,,,1767,RW
San Fransisco Pride,SHL,S(S37),Jack,Tanner,,L,,,37,"5'11""",210,Ireland,,,22,5,13,15,15,10,18,15,15,10,15,10,5,17,15,15,15,16,15,,5,5,10,15,15,,15,15,,,,15,,,,,,,,1070,D
Texas Renegades,SHL,S51,White,Goodman,,Left,Me,White Goodman,30,6ft 3in,230 lbs,Italy,,,30,,,11,15,,,,,,,,,,,,,,,,,8,,15,15,15,,15,15,15,15,15,15,15,15,16,12,12,15,724,G
Texas Renegades,SHL,S51,Alexander,Wachter,,Left,,,76,6ft 4in,198 lbs,Austria,,,31,11,12,14,14,13,11,17,13,10,14,10,5,14,14,14,15,13,14,,5,10,10,15,15,,15,15,,,,14,,,,,,,,809,RW
Texas Renegades,Enforcer Defenseman,S50,Björn,Leppänen,,Right,Reddit,,52,5ft 11in,183 lbs,Finland,,,28,7,13,14,15,12,16,15,14,10,14,13,5,16,13,13,15,15,15,,10,9,13,15,15,,15,15,,,,16,,,,,,,,986,D
Texas Renegades,SHL,S50,Ivan,Maximus,,Right,,Vladimir Putin,14,6ft 3in,210 lbs,Russia,,,23,12,14,17,15,11,9,16,11,10,11,12,15,12,16,16,15,12,16,,5,5,11,15,15,,15,15,,,,13,,,,,,,,972,C
Texas Renegades,Defensive Defenseman,S49,Noah,Brusky,,Right,r/EA_NHL,,24,6ft 1in,192 lbs,United States,,,49,5,10,15,14,7,15,15,13,13,15,12,5,16,15,15,15,15,15,,5,5,12,15,15,,15,15,,,,16,,,,,,,,1000,D
Texas Renegades,SHL,S48,Patrick,Niederreiter,,Left,Kahn,Martin Jones,69,6ft 2in,240 lbs,United States,,,0,,,10,10,,,,,,,,,,,,,,,,,8,,15,15,15,,15,15,11,15,15,15,15,15,15,10,10,11,510,G
Texas Renegades,SHL,S48,Piotr,Horvat,,Right,Dankoa,Marc-Édouard Vlasic,74,6ft 4in,225 lbs,Russia,,,2,5,12,15,13,12,15,15,13,13,16,14,5,18,15,14,15,15,13,,9,12,12,15,15,,15,15,,,,17,,,,,,,,1104,D
Texas Renegades,SHL,S48,Emeka,Valentine-Okoli,,Right,itssyoboidalegend,Wayne Simmonds,7,5ft 10in,168 lbs,United Kingdom,,,4,9,15,12,14,15,12,15,11,11,12,9,7,13,13,13,13,14,14,,5,9,12,15,15,,15,15,,,,15,,,,,,,,685,RW
Texas Renegades,SHL,S47,Josef,Kubinec,,Left,n/a,Jakub Vrana,30,6ft 0in,197 lbs,Czech Republic,,,4,11,19,13,16,20,12,16,11,10,11,10,10,12,15,15,15,15,15,,5,5,12,15,15,,15,15,,,,12,,,,,,,,1145,LW
Texas Renegades,Two-Way Forward,S46,Gordie,Boomhover,,Left,,,19,6ft 1in,188 lbs,Netherlands,,,1,17,17,14,15,15,7,12,16,16,12,8,8,12,12,12,15,15,11,,7,10,14,15,15,,15,15,,,,12,,,,,,,,1076,C
Texas Renegades,SHL,S46,Tyler,Tougard,,Right,N/A,Jeff Skinner,87,6ft 3in,237 lbs,Sweden,,,0,10,12,15,15,10,10,15,15,10,15,10,5,15,12,11,15,15,10,,5,8,10,15,15,,15,15,,,,15,,,,,,,,714,RW
Texas Renegades,SHL,S(S45),Andreas,Kvalheim,,Right,,,3,"6'3""",207 lbs,"Trondheim, Norway",,,5,17,17,15,18,17,12,17,17,18,15,12,9,16,15,15,16,17,16,,5,5,15,15,15,,15,15,,,,15,,,,,,,,1820,LW
Texas Renegades,SHL,S(S44),Jean-Pierre,Gay,,Right,Mr. Shit,,7,"5'11""",184 lbs,"New Westminster, BC",,,0,5,5,10,13,6,8,8,14,14,12,12,5,15,10,10,14,10,9,,7,14,14,15,15,,15,15,,,,17,,,,,,,,625,D
Texas Renegades,Offensive Defenseman,S(S42),Harvey,Danger,,L,Erm,,88,6'1,185lbs,"London, England",,,29,7,15,18,16,12,16,16,16,16,14,16,5,15,14,16,15,15,17,,9,7,13,15,15,,15,15,,,,15,,,,,,,,1434,D
Texas Renegades,SHL,S(S40),Manuel,Gotze,,Left,"Pro Baseball Experience? eriarai and rabidsponge. Most importantly, andybj",,8,"6 ft., 3 in.",220,"Frankfurt, Germany",,,28,15,15,16,15,15,12,16,16,15,16,12,5,16,15,17,16,20,16,,5,12,13,15,15,,15,15,,,,16,,,,,,,,1656,RW
Texas Renegades,SHL,S(S40),Iam,Essellemm,,Righty,Evok,,22,6'2,200,Dublin Ireland,,,0,10,15,15,15,15,10,15,10,9,10,10,15,10,10,15,10,10,15,,6,8,8,15,15,,15,15,,,,15,,,,,,,,683,RW
Texas Renegades,SHL,S(S39),Fredrich,Koenig,,Left,,,64,"6'2""",215,"LÃ¼beck, Germany",,,1,8,11,13,14,7,15,11,12,10,11,7,5,13,13,13,14,14,15,,5,7,12,15,15,,15,15,,,,14,,,,,,,,582,D
Winnipeg Jets,Sniper,S52,Bale,,,right,,seguin,91,6'2,207,Latvia,,,157,7,15,9,14,14,8,14,11,5,9,5,5,12,13,13,11,14,11,,5,5,6,15,15,,15,15,,,,11,,,,,,,,582,
Winnipeg Jets,Two-Way Defenseman,S51,Zlatan,Ibrahimovic Jr.,,Right,Recreate,Rasmus Dahlin,17,6ft 2in,200 lbs,Sweden,,,9,10,15,15,15,9,14,14,14,12,14,12,5,15,13,14,15,14,13,,5,5,13,15,15,,15,15,,,,14,,,,,,,,841,D
Winnipeg Jets,Sniper Forward,S50,Ricky,Bobby,,Right,Reddit,Will Ferrell,11,6ft 3in,185 lbs,United States,,,0,8,11,10,15,16,9,13,15,8,14,8,5,15,11,12,12,13,10,,5,6,8,15,15,,15,15,,,,15,,,,,,,,595,LW
Winnipeg Jets,Two-Way Defenseman,S50,Adam,Barron,,Left,Reddit,Shea Theodore,27,"6'2""",195 lbs,"Bonavista, NL, Canada",,,0,5,15,15,16,12,16,18,14,11,12,13,5,15,15,15,13,15,15,,7,8,12,15,15,,15,15,,,,15,,,,,,,,1051,D
Winnipeg Jets,Offensive Defenseman,S48,Satoshi,Zizagooney,,Right,NotoriousTig,,21,6ft 0in,190 lbs,Japan,,,6,5,12,17,17,12,12,17,12,9,12,12,5,12,17,17,14,15,17,,5,5,12,15,15,,15,15,,,,12,,,,,,,,1048,D
Winnipeg Jets,Offensive Forward,S48,Calogero,Crudelli,,Right,Frankie Gooseneck,Michael Cammalleri,8,6ft 2in,235 lbs,Latvia,,,18,14,16,13,16,18,10,16,14,12,14,9,5,14,15,14,13,17,15,,5,5,13,15,15,,15,15,,,,14,,,,,,,,1118,LW
Winnipeg Jets,Playmaker Forward,S46,Kristoffer,Svensson,,Right,,Peter Forsberg,2,"6'2""",195 lbs,"Luleå, Sweden",,,0,8,11,17,17,10,8,15,12,8,16,10,15,18,12,10,15,14,11,,5,7,7,15,15,,15,15,,,,16,,,,,,,,928,C
Winnipeg Jets,SHL,S46,Commander,Shepard,,Left,,,11,5ft 7in,180 lbs,Canada,,,4,12,15,16,17,15,9,16,18,10,17,11,10,18,15,15,16,16,16,,8,5,12,15,15,,15,15,,,,18,,,,,,,,1525,LW
Winnipeg Jets,SHL,S46,Nick,Brain,,Left,Reddit,,83,6ft 4in,228 lbs,United Kingdom,,,1,15,17,15,16,17,9,17,17,15,16,11,14,17,17,16,16,17,15,,9,11,15,15,15,,15,15,,,,17,,,,,,,,1708,RW
Winnipeg Jets,Two-Way Defenseman,S46,Osbert,Whacker,,Right,,P.K. Subban,76,6ft 0in,210 lbs,United States,,,0,5,6,12,12,8,11,8,16,15,15,16,5,15,9,9,14,10,14,,6,8,10,15,15,,15,15,,,,16,,,,,,,,715,D
Winnipeg Jets,Butterfly Goalie,S45,Vivian,Leblanc,,Right,BigTittySmitty,Mallory Pugh,2,5ft 4in,150 lbs,United States,,,0,,,11,13,,,,,,,,,,,,,,,,,8,,15,15,15,,15,14,14,11,18,13,15,16,18,12,16,15,816,G
Winnipeg Jets,Hybrid Goalie,S(S45),Aleksandr,Aleksandrov,,Right,,Vladislav Tretiak / Sergei Bobrovsky,77,"6'4""",190,"Novokuznetsk, Russia",,,0,,,7,6,,,,,,,,,,,,,,,,,8,,15,15,15,,15,12,12,8,11,12,11,12,14,8,10,10,208,G
Winnipeg Jets,SHL,S(S45),Slip,McScruff,,Right,Reddit r/BostonBruins,Brent Burns,25,6ft 1in,215 lbs,United States,,,0,9,9,15,15,12,12,11,18,18,17,17,5,18,17,15,17,15,17,,11,15,17,15,15,,15,15,,,,18,,,,,,,,1794,D
Winnipeg Jets,SHL,S(S43),Goku,Muerto,,L,Recreate,,71,"6' 1""",198,"Reykjavik, Iceland",,,52,11,18,18,19,15,8,16,12,7,12,7,12,15,19,16,16,20,15,,5,7,14,15,15,,15,15,,,,12,,,,,,,,1650,C
Winnipeg Jets,Offensive Forward,S(S43),Ignatius,Blunt,,Left,Recreate,,4,6ft 1 inch,200,Slovenia,,,15,11,11,19,16,13,10,15,16,10,14,5,10,15,16,18,10,15,15,,5,5,8,15,15,,15,15,,,,14,,,,,,,,1106,LW
Winnipeg Jets,Defensive Defenseman,S(S39),Gary,Grease,,Right,,,99,7'7,354 lbs,"Flin Flon MB, Canada",,,0,5,11,17,13,12,12,18,16,15,17,14,5,18,13,12,12,14,13,,5,12,11,15,15,,15,15,,,,17,,,,,,,,1163,D
