Team,Draft Class,First Name,Last Name,Position,Shoots,Recruited by,Player Render,Jersey Number,Height,Weight,Birthplace,Player Type,Strengths,Weakness,Points Available,Screening,Getting Open,Passing,Puckhandling,Shooting Accuracy,Shooting Range,Offensive Read,Checking,Hitting,Positioning,Stickchecking,Shot Blocking,Faceoffs,Defensive Read,Acceleration,Agility,Balance,Speed,Stamina,Strength,Fighting,Aggression,Bravery,Determination,Team Player,Leadership,Temperament,Professionalism,Blocker,Glove,Poke Check,Rebound,Recovery,Low Shots,Reflexes,Skating,Mental Toughness,Goalie Stamina,TPE,Played Position
Anaheim Outlaws,S54,Chet,Hillier,10,,,,5,6ft 0in,180 lbs,"Edmonton, Alberta, Canada",,,,0,5,6,10,13,5,5,10,10,7,10,11,6,5,10 ,14,12,10 , 12,7,5,5,5,5,15,15,,15,15,,,,,,,,,,,215,D
Anaheim Outlaws,S54,James,LeBlond,12,,GM Games,,77,6ft 1in,205 lbs,"Biddeford, United States",,,,10,10,9,11,11,9,9,11,9,8,12,10,8,5,12,10,10,11, 11,10,11,5,5,8,15,15,,15,15,,,,,,,,,,,245,D
Anaheim Outlaws,S54,Adriano,Ippolito,9,,,Claude Giroux,13,6ft 3in,220 lbs,"Geneva , Switzerland",,,,0,6,12,8,11,11,7,11 ,9,5,9,7,5,5,9 ,11,11,10 , 11,10,7,5,5,7,15,15,,15,15,,,,,,,,,,,173,LW
Anaheim Outlaws,S54,Emilia,Bergman,13,,StamkosFan,Zoe Hickel,44,6ft 0in,200 lbs,"Jönköping, Sweden",,,,7,5,5,12,11,5,5,10,13,11,13,10,13,5,13,8,9,12, 8,12,10,5,5,10,15,15,,15,15,,,,,,,,,,,297,D
Anaheim Outlaws,S54,Etan,Merauk,10,,HemskyIsSic,Adam Deadmarsh,10,5ft 10in,187 lbs,"Krakow, Poland",,,,13,5,9,13,10,10,5,11,10,7,10,9,7,5,11,10,10,9, 12,10,8,5,5,6,15,15,,15,15,,,,,,,,,,,205,LW
Anaheim Outlaws,S54,AJ,Patella,8,,u/StamkosFanSHL,,34,6ft 3in,200 lbs,"Houston, United States",,,,1,5,9,9,9,9,9,11 ,7,7,8,9,6,5,9 ,12,10,12 , 13,9,9,5,6,7,15,15,,15,15,,,,,,,,,,,174,D
Anaheim Outlaws,S53,Taylor,Johansson,10,Right,"dylanjj37, Z0REM, PBE",Paul Kariya,9,6ft 0in,195 lbs,Sweden,Playmaker Forward,,,94,6,10,13,15,10,7,12 ,9,5,10,10,5,12,11,15,11,11, 13,10,5,5,5,7,15,15,,15,15,,,,,,,,,,,444,C
Anaheim Outlaws,S53,Rikard,Hammarberg,12,Right,,Peter Forsberg,16,6ft 2in,205 lbs,Sweden,Offensive Forward,,,47,9,10,12,13,11,9,14,11,5,12,10,5,12,12,12,12,12, 11,10,9,5,5,8,15,15,,15,15,,,,,,,,,,,397,C
Anaheim Outlaws,S53,Separa,Borro,14,Left,,,44,"6'1""",185lbs,Canada,Butterfly Goalie,,,18,,,9,9,,,,,,14,,,,,,,,,,,,8,,15,15,15,,15,11,12,8,13,15,14,14,9,12,12,363,G
Anaheim Outlaws,S53,Andreas,Stacks,11,Right,Chrisda19,,4,5ft 10in,195 lbs,United States,Offensive Defenseman,,,0,5,5,9,11,6,7,9,12,11,11,9,9,5,12,10,9,11, 8,10,9,5,5,9,15,15,,15,15,,,,,,,,,,,183,D
Anaheim Outlaws,S53,Ethan,Price,10,Left,,,46,6ft 0in,195 lbs,United States,Sniper Forward,,,41,7,13,10,13,14,7,13,11,5,10,9,7,5,11,13,11,11, 13,13,10,5,5,7,15,15,,15,15,,,,,,,,,,,391,RW
Anaheim Outlaws,S53,Ziggy,Tambo,11,Left,,,25,6ft 3in,220 lbs,Australia,Playmaker Forward,,,4,8,10,14,13,11,7,13,12,7,11,11,7,5,12,12,12,9, 11,11,8,5,5,7,,,,,,,,,,,,,,,,324,LW
Anaheim Outlaws,S53,Pooks,Halloway,10,Right,,,71,5ft 10in,175 lbs,Norway,Sniper Forward,,,0,5,12,9,11,10,7,11,11,5,10,9,7,5,10,11,11,11, 12,10,9,5,5,7,15,15,,15,15,,,,,,,,,,,212,LW
Anaheim Outlaws,S53,Yompy,Stearf,12,Right,,,16,6ft 2in,200 lbs,Sweden,Defensive Defenseman,,,0,5,5,10,7,7,7,8,12,9,12,10,10,5,11,10,10,11, 10,11,10,5,5,9,15,15,,15,15,,,,,,,,,,,195,D
Anaheim Outlaws,S52,Bale,,11,right,,seguin,91,6'2,207,Latvia,Sniper,,,157,7,15,9,14,14,8,14,11,5,11,9,5,5,12,13,13,11, 14,11,8,5,5,6,15,15,,15,15,,,,,,,,,,,582,
Anaheim Outlaws,S52,C.T.,Carragher,11,Right,Recreate,Brett Howden,15,,,"Savannah, GA, USA",Playmaker,,,124,7,10,14,14,12,7,14,12,5,11,13,5,11,13,13,12,10, 13,11,9,5,5,8 ,,,,,,,,,,,,,,,,549,C
Anaheim Outlaws,S52,Grant,Thurber,10,Left,r/findaleague,,11,5ft 10in,190 lbs,Finland,Playmaker Forward,,,0,12,10,7,12,10,7,10,11,5,10,9,7,11,11,10,10,12, 10,10,11,5,5,10,15,15,,15,15,,,,,,,,,,,247,C
Anaheim Outlaws,S52,Rhys,Pritchard,11,Right,reddit,,14,"6'2""",215 lbs,"Markum, Wales, UK",Offensive Forward,,,240,8,13,15,14,10,7,15 ,9,7,11,11,9,5,13 ,12,12,11 , 11,13,10,5,5,8,15,15,,15,15,,,,,,,,,,,665,RW
Anaheim Outlaws,S52,Strom,Chamberlain,16,Right,Reddit,,21,6ft 2in,260 lbs,United States,Hybrid Goalie,,,213,,,5,5,,,,,,16,,,,,,,,,,,,8,,15,15,15,,15,12,12,8,12,16,12,16,5,13,13,638,G
Anaheim Outlaws,S51,Abroop,Dhami,14,Right,,,27,5ft 9in,200 lbs,Canada,Butterfly Goalie,,,0,,,5,5,,,,,,14,,,,,,,,,,,,8,,15,15,15,,15,10,10,7,12,12,10,14,10,11,8,208,G
Anaheim Outlaws,S51,Alex,Petrenko,14,Left,StamkosFan,Ivan Provorov,11,6ft 1in,205 lbs,Russia,Two-Way Defenseman,,,284,5,9,12,14,9,11,13 ,13,8,14,12,11,5,14 ,11,11,12 , 12,13,9,5,5,9,15,15,,15,15,,,,,,,,,,,709,D
Anaheim Outlaws,S51,John,Forfeit,12,Left,,,,"6""3",202,"Londonderry, Northern Ireland, UK",Sniper,,,0,7,9,10,12,9,7,10,14,5,12,12,7,5,13,10,10,11, 11,10,10,5,5,9,15,15,,15,15,,,,,,,,,,,273,RW
Anaheim Outlaws,S50,Jacob,Riley,12,Right,Reddit,,5,6ft 3in,215 lbs,United States,Two-Way Defenseman,,,0,5,5,11,11,7,9,9,11,5,12,11,8,5,12,8,9,10, 10,10,8,5,5,9,15,15,,15,15,,,,,,,,,,,183,D
Anchorage Armada,S54,Pojo,Biscuit,11,,,,49,6ft 2in,230 lbs,"Boston, United States",,,,1,7,9,11,9,9,9,9,11,11,11,11,11,5,11,10,11,10, 10,10,10,9,9,9,15,15,,15,15,,,,,,,,,,,234,D
Anchorage Armada,S53,Braden,Lowrie,9,Left,Jack Kanoff,Taylor Hall,54,6ft 2in,200 lbs,United States,Sniper Forward,,,16,11,12,9,12,13,9,12 ,10,5,9,9,9,5,12,12,10,11, 12,11,9,5,5,5,15,15,,15,15,,,,,,,,,,,298,LW
Anchorage Armada,S54,"James ""Jimmy""",Yzerman,10,,,Steve Yzerman,19,5ft 10in,180 lbs,"Abbotsford, BC, Canada",,,,0,9,9,10,10,9,9,10 ,10,5,10,10,9,9,10 ,10,10,10, 10,11,10,5,5,9,15,15,,15,15,,,,,,,,,,,191,C
Anchorage Armada,S54,Thorbjörn,Gunnarson,10,,,Mitch Marner,4,6ft 0in,190 lbs,"Oslo, Norway",,,,19,5,11,11,12,11,5,11 ,11,5,10,5,5,5,11,11,12,11 , 12,12,7,5,5,7,15,15,,15,15,,,,,,,,,,,258,RW
Anchorage Armada,S54,Bork,Lazer,10,,C9van,Brock Lesnar,7,6ft 3in,286 lbs,"Minneapolis, United States",,,,1,7,7,10,11,8,7,7 ,13,11,10,7,11,7,13,10,10,11 , 12,12,12,10,7,10,15,15,,15,15,,,,,,,,,,,285,D
Anchorage Armada,S54,Alexei,Petrikov,11,,,Brandon Saad,7,5ft 11in,200 lbs,"Volgograd , Russia",,,,4,5,10,11,10,12,10,11 ,12,5,11,11,9,5,12,11,11,10, 10,12,10,5,5,10,15,15,,15,15,,,,,,,,,,,279,D
Anchorage Armada,S54,Scoochie,Stratton,14,,Dallas Stars,Andrew Mccutchen w/ dreads,29,6ft 4in,210 lbs,United States,,,,10,,,8,7,,,,,,14,,,,,,,,,,,,8,,15,15,15,,15,12,12,8,13,13,13,14,8,11,11,294,G
Anchorage Armada,S54,Matthew,Sawful,12,,,,12,6ft 3in,190 lbs,"Chicago, United States",,,,0,5,10,11,11,11,11,11,11,7,12,11,11,5,12,10,11,11 , 10,13,11,5,7,9,15,15,,15,15,,,,,,,,,,,299,D
Anchorage Armada,S54,Corey,Rigler,10,,Reddit,Claude Giroux,28,5ft 11in,190 lbs,"Philadelphia, United States",,,,4,9,10,12,12,11,9,9 ,9,8,10,10,7,5,12,9,9,10 , 9,12,9,6,8,5,15,15,,15,15,,,,,,,,,,,219,RW
Anchorage Armada,S53,Santtu,Räsänen,12,Right,Mac,Aleksander Barkov,34,6ft 3in,212 lbs,Finland,Two-Way Forward,,,68,10,10,12,12,11,9,13,11,7,12,10,7,12,12 ,11,12,11, 11,12,11,5,5,10,15,15,,15,15,,,,,,,,,,,418,C
Anchorage Armada,S53,Chris,de Siren,10,Left,Reddit post by u/Thedangazone,,13,5ft 10in,178 lbs,United States,Sniper Forward,,,41,9,14,12,13,13,9,14 ,9,9,10,9,9,9,11 ,11,11,11 , 11,12,10,5,5,5,15,15,,15,15,,,,,,,,,,,391,LW
Anchorage Armada,S53,Ryan,Aaron,13,Right,r/hockey,Juuse Saros,72,5ft 11in,185 lbs,United States,Hybrid Goalie,,,0,,,7,7,,,,,,13,,,,,,,,,,,,8,,15,15,15,,15,11,11,7,11,12,11,13,8,11,9,184,G
Anchorage Armada,S53,Danny,White,12,L,,Brayden Point,21,5'11,191lb,The Netherlands,Offensive Forward,,,1,9,10,10,12,11,9,12 ,10,8,12,11,9,5,12 ,10,10,10 , 10,11,7,5,5,10,15,15,,15,15,,,,,,,,,,,257,C
Anchorage Armada,S52,Sergei,Potvinov,15,Left,HFBoards,Felix Potvin,39,6ft 2in,190 lbs,Russia,Butterfly Goalie,,,1,,,9,9,,,,,,15,,,,,,,,,,,,8,,15,15,15,,15,11,11,9,11,13,11,15,10,11,12,290,G
Anchorage Armada,S52,Ulrik,Bergstrom,13,Right,,Alex Turcotte,2,"5' 11""  Weight",211 lbs,"Helsingborg, Sweden",Two-Way Defenseman,,,37,5,8,14,12,9,11,12 ,14,10,13,13,13,5,14 ,10,10,11, 10,13,10,5,5,10,15,15,,15,15,,,,,,,,,,,462,D
Anchorage Armada,S52,Ryan,Cvitkovich,11,Right,Reddit,Artemi Panarin,72,6'2'',182lbs,"New York, New York",Offensive Forward,,,0,8,12,11,12,14,11,12 ,11,7,11,11,7,5,11 ,11,11,11 , 14,13,9,5,7,8,15,15,,15,15,,,,,,,,,,,362,
Anchorage Armada,S52,Cyril,Vyskoč,11,Right,le me,,00,5ft 11in,189 lbs,Czech Republic,Sniper Forward,,,0,5,9,15,12,6,5,13 ,10,5,11,10,5,14,511,12,13,10 , 13,13,5,5,5,5,15,15,,15,15,,,,,,,,,,,357,C
Anchorage Armada,S51,Lando,Norris,12,Left,toirekari,Leon Draisaitl,9,"5' 9""",185lbs,"Frankfurt, Germany",Offensive Defenseman,,,22,5,9,11,12,11,11,10 ,12,10,12,12,11,5,12 ,9,11,11 , 11,11,11,5,5,10,15,15,,15,15,,,,,,,,,,,331,D
Anchorage Armada,S51,Stan,Hanson,10,Right,,Steve Hanson,69,6ft 0in,200 lbs,United States,Power Forward,,,104,12,5,10,10,6,5,10 ,15,15,10,12,9,5,10 ,9,10,15 , 10,10,14,5,10,13,15,15,,15,15,,,,,,,,,,,529,RW
Anchorage Armada,S51,Mitchell,van der Heijden,13,Right,samee,Kaapo Kakko,15,6ft 1in,205 lbs,"Alkmaar, Netherlands",Two-Way Forward,,,9,12,14,14,14,14,10,15,12,10,13,11,8,12,14,14,14,14 , 14,16,15,5,8,10,15,15,,15,15,,,,,,,,,,,804,C
Anchorage Armada,S50,Jay,Reeves,13,Right,ml002,,15,5ft 6in,180 lbs,,Sniper Forward,,,0,5,10,10,13,10,8,11 ,13,5,13,12,5,5,13 ,10,10,12 , 13,11,10,5,5,8,15,15,,15,15,,,,,,,,,,,314,RW
Carolina Kraken,S54,Patricia,Reichardt,11,,Trautner,Justine Blainey,9,5ft 10in,190 lbs,"Hennepin County, Minnesota",,,,3,7,10,10,10,10,10,10 ,11,5,11,10,6,7,11,10,10,11, 11,12,10,5,5,10,15,15,,15,15,,,,,,,,,,,233,LW
Carolina Kraken,S54,Linus,Grimstad,10,,Recreate,,75,"5'11""",190 lbs.,"Tromsø, Norway",,,,4,5,10,12,13,8,5,12 ,10,5,10,10,5,12,10 ,10,12,9 , 9,12,8,5,5,10,15,15,,15,15,,,,,,,,,,,253,C
Carolina Kraken,S54,Bobby,Bergen,9,,Nobody,Liam Kirk,22,5ft 10in,190 lbs,"Cambridge, Great Britain",,,,0,7,12,9,9,12,9,13,9,7,9,6,5,11,9 ,10,8,9 , 11,11,10,5,5,8,15,15,,15,15,,,,,,,,,,,205,C
Carolina Kraken,S54,Adam,Friedland,5,,,Adam Friedland,2,6ft 11in,300 lbs,"Newfoundland , Great Britain",,,,38,5,9,8,10,8,8,10 ,11,11,5,7,10,5,11,9,9,11 , 9,13,11,13,5,8,15,15,,15,15,,,,,,,,,,,257,D
Carolina Kraken,S54,Kwame,Dakari,10,,,Akil Thomas,95,6ft 0in,200 lbs,"Accra, Ghana",,,,3,8,11,9,11,13,10,11,9,5,10,9,9,5,10,11,11,11, 11,10,12,5,5,9,15,15,,15,15,,,,,,,,,,,249,LW
Carolina Kraken,S54,Panda,Panico,10,,San Jose Sharks Reddit,,57,6ft 4in,245 lbs,"Dusseldorf, Germany",,,,11,11,10,10,10,11,9,11 ,10,13,10,7,9,6,9 ,10,10,10 , 10,11,11,8,6,10,15,15,,15,15,,,,,,,,,,,259,LW
Carolina Kraken,S54,Vítek,Víteček,9,Right,,Don Sylvestri,36,177cm/5'10'',84kg/187 lbs,"Uherské Hradiště, Czech Republic",,,,17,8,14,9,10,15,7,12,8,8,9,8,6,5,9,12,8,9 , 12,12,9,5,5,6,15,15,,15,15,,,,,,,,,,,287,LW
Carolina Kraken,S54,Stein,Nilsen,10,Right,RedCapeDiver,Tomas Hertl,23,6ft 3in,221 lbs,Norway,Playmaker Forward,,,0,10,11,10,10,12,8,11,10,5,10,8,7,5,10 ,12,10,10, 12,12,9,5,5,10,15,15,,15,15,,,,,,,,,,,243,LW
Carolina Kraken,S54,Dwight,Knight,9,Right,Faelex,,33,6ft 0in,202 lbs,Undetermined,Power Forward,,,15,13,11,10,10,11,9,12,12,10,9,9,9,5,11,11,11,11, 10,11,12,5,5,9,15,15,,15,15,,,,,,,,,,,305,LW
Carolina Kraken,53,Rinako,Yukikami,10,Left,,Kaho Suzuki,7,1.60 m (5 ft 3 in),53 kg (117 lb),"Sapporo, Hokkaido, Japan.",Playmaker Forward,,,0,6,9,10,10,9,7,11,10,5,10,10,6,11,11,10,10,10, 10,9,9,5,5,10,15,15,,15,15,,,,,,,,,,,186,LW
Carolina Kraken,S53,Ben,van Dijk,13,Right,slothfacekilla,Virgil van Dijk,4,6ft 4in,219 lbs,New Zealand,Two-Way Defenseman,,,1,5,10,11,11,9,10,11,11,11,13,11,10,5,13 ,11,12,11 , 11,12,11,5,7,10,15,15,,15,15,,,,,,,,,,,325,D
Carolina Kraken,S53,Michael,Lee,12,Right,,Jarome Iginla,2,"6'1""",200 lbs,United States,Two-Way Defenseman,,,16,5,11,10,12,9,9,12,10,7,12,11,10,5,13,13,13,11, 13,13,10,5,5,9,15,15,,15,15,,,,,,,,,,,360,D
Carolina Kraken,S53,Jimmy,Wagner,11,Right,,Seth Jones,72,6ft 1in,190 lbs,Austria,Two-Way Forward,"Scoring, Defense, Skating",Strength,129,5,10,9,11,12,7,12 ,10,8,11,10,5,5,12 ,14,14,12 , 14,12,9,5,5,9,15,15,,15,15,,,,,,,,,,,479,RW
Carolina Kraken,S53,Erik,Johansson,11,Right,Nokazoa,Radko Gudas,3,6ft 5in,259 lbs,Sweden,Defensive DefensemanStrengths,,Scoring,3,5,9,9,11,7,9,9,11,11,11,11,11,5,11,11,9,11, 10,11,9,5,5,11,15,15,,15,15,,,,,,,,,,,228,D
Carolina Kraken,S53,Frans,Eller,14,Right,,Freddy Andersen,30,6ft 9in,260 lbs,Denmark,Goalie,,,136,,,9,8,,,,,,14,,,,,,,,,,,,8,,15,15,15,,15,14,14,9,13,13,13,13,12,11,12,485,G
Carolina Kraken,S53,Ambacas,Cuddles,13,Right,,Brandon Carlo,38,"6'5"" | Weight",350 lbs,"Providence, Rhode Island, USA",Two Way Forward,,,151,5,10,10,11,10,10,10,13,11,13,13,13,5,13,11,11,11, 11,11,10,5,6,10,15,15,,15,15,,,,,,,,,,,501,D
Carolina Kraken,S52,Velveteen,Dream,12,L,myself,Velveteen Dream,1,"6'4""",225,Dreamland (unassigned),Forward,,,237,7,10,13,11,11,8,12 ,14,8,12,12,8,12,14 ,12,12,10 , 13,12,10,5,8,11,15,15,,15,15,,,,,,,,,,,662,C
Colorado Raptors,S54,Anrijs,Asts,11,,st4rface,Rudolfs Balcers,28,6ft 5in,240 lbs,"Helsinki, Finland",,,,0,7,10,10,11,9,9,10,12,11,11,12,12,5,11,9,9,11, 9,11,11,6,8,9,15,15,,15,15,,,,,,,,,,,260,D
Colorado Raptors,S54,Noah,Johns II,9,,hhh81,N/A,47,5ft 10in,180 lbs,"Richland, WA, United States",,,,1,10,11,10,10,11,10,11 ,9,5,9,9,9,6,9 ,10,10,9 ,11,10,9,5,5,9,15,15,,15,15,,,,,,,,,,,191,RW
Colorado Raptors,S54,Sheen,Beckett,9,,Reddit,Brenden Dillon,13,6ft 0in,206 lbs,"San Diego, United States",,,,6,5,10,11,12,12,7,12 ,9,8,9,7,7,5,10 ,10,10,6 , 10,12,7,5,5,5,15,15,,15,15,,,,,,,,,,,198,D
Colorado Raptors,S54,Randen,Skog,13,,,Ales Hemsky,37,5ft 11in,187 lbs,"Jyväskylä, Finland",,,,11,6,7,10,7,8,7,10 ,10,9,13,9,9,5,12 ,9,9,10 , 9,11,9,7,7,12,15,15,,15,15,,,,,,,,,,,208,RW
Colorado Raptors,S54,Aumy,Jr.,13,,Myself (came back),Marcel Hossa (not Marian),81,"6'3""",210 lbs,"Finland, Helsinki",,,,10,5,11,11,11,11,12,11 ,10,9,13,11,9,5,12,10,9,11 , 11,11,8,5,7,7,15,15,,15,15,,,,,,,,,,,282,D
Colorado Raptors,S54,Jean-Uthred,Ragnarsson-Tremblay,11,,"Myself, I guess",Jake Virtanen,24,6ft 1in,201 lbs,"Porvo, Finland",,,,14,5,8,8,11,6,5,9,11,9,11,11,10,13,13,10,10,10 , 12,11,10,5,6,9,15,15,,15,15,,,,,,,,,,,265,C
Colorado Raptors,53,Carlos,Brown,10,Left,jeffie43,,22,6ft 2in,225 lbs,Canada,Offensive Forward,,,207,13,13,9,11,14,8,12,9,9,10,9,9,9,9,10,10,11, 10,12,11,5,9,9,15,15,,15,15,,,,,,,,,,,336,LW
Colorado Raptors,S53,Sven,Svenson,9,Left,Reddit,Mattias Ekholm,10,"6' 2""   Weight",210 lbs,"Stockholm, Sweden",Offensive Forward,"Passing, Scoring, Skating",Checking,106,11,13,10,13,13,8,13 ,10,7,9,9,7,5,9 ,13,12,11 , 13,13,10,5,5,10,15,15,,15,15,,,,,,,,,,,456,LW
Colorado Raptors,S53,Bradley,Barkov,12,Left,reddit,Aleksander Barkov,4,6ft 3in,215 lbs,Finland,Offensive Defenseman,"Passing, Scoring, Defense",Checking,115,5,10,14,13,12,10,13 ,11,5,12,11,11,5,12 ,11,11,10 , 11,13,8,5,5,7,15,15,,15,15,,,,,,,,,,,465,D
Colorado Raptors,S53,Chris,Cerullo,11,Right,Reddit,Patrick Sharp,7,6ft 2in,205 lbs,Norway,Two-Way Forward,,,0,7,12,11,11,11,8,12,10,7,11,11,7,11,12,10,10,12, 10,10,9,5,5,9,15,15,,15,15,,,,,,,,,,,269,C
Colorado Raptors,S53,Hiroshi,Ohira,10,Left,Reddit (r/hockey),,36,6ft 0in,190 lbs,Japan,Offensive Forward,,,0,11,11,14,13,10,10,12 ,5,5,10,12,9,5,10,12,12,10, 12,12,9,5,6,9,15,15,,15,15,,,,,,,,,,,329,RW
Colorado Raptors,S53,Jerry,Huuveri,15,Left,Reddit r/Hockey,Niko Hovinen,35,6ft 2in,198 lbs,Finland,Butterfly Goalie,,,77,,,9,9,,,,,,15,,,,,,,,,,,,8,,15,15,15,,15,12,12,9,13,13,13,15,9,13,12,425,G
Colorado Raptors,S53,Tomáš,Grygera,5,Left,,Logan Couture,39,6ft 1in,205 lbs,Czech Republic,Offensive Forward,,,0,7,10,11,10,7,6,10,9,5,5,9,5,7,9,12,12,11, 12,9,7,5,5,7,15,15,,15,15,,,,,,,,,,,172,C
Colorado Raptors,S53,Ragnar,Skallagrimsson,9,Right,RedCapeDiver,Mats Zuccarello,9,5ft 10in,220 lbs,Norway,Sniper Forward,,,10,9,9,10,9,9,5,12,9,9,9,11,6,7,11,11,11,9, 11,9,9,5,5,9,15,15,,15,15,,,,,,,,,,,194,RW
Colorado Raptors,S52,Bryce,Turner,12,Right,StampkosFan,Todd Bertuzzi,11,6ft 3in,220 lbs,Switzerland,Two-Way Defenseman,,,1,5,12,10,12,12,12,13,11,11,12,11,12,5,12 ,10,10,7 , 9,12,10,5,5,9,15,15,,15,15,,,,,,,,,,,331,D
Colorado Raptors,S52,Samat,Beibitzhanov,14,Left,caltroit_red_flames,Vitali Kolesnik,20,5ft 11in,191,Russia,Butterfly Goalie,,,87,,,11,10,,,,,,14,,,,,,,,,,,,8,,15,15,15,,15,14,14,11,13,14,14,14,10,13,12,511,G
Colorado Raptors,S52,Simothy,Drunkebird,12,Left,Me,Paul Byron,41,5ft 6in,183 lbs,Czech Republic,Power Forward,,,112,11,12,13,12,12,8,12,12,10,12,12,7,13,14,11,9,10, 11,12,10,5,8,12,15,15,,15,15,,,,,,,,,,,536,C
Colorado Raptors,S51,Daichi,Franciszek,11,Left,,Carey Price,33,6ft 3in,215 lbs,Poland,Hybrid Goalie,,,0,,,7,9,,,,,,11,,,,,,,,,,,,8,,15,15,15,,15,10,11,11,12,11,10,11,10,8,9,Calculation function not available,G
Colorado Raptors,S50,Hariken,Urawa,9,Left,,Nick Suzuki,88,"6'0""",205 lbs,"Tachikawa, Tokyo, Japan",Sniper Forward,,,72,9,13,10,12,13,8,15 ,10,9,9,7,5,5,9 ,13,13,12 , 13,11,9,5,5,9,15,15,,15,15,,,,,,,,,,,422,RW
Colorado Raptors,S50,Georgy,Gorbachenko,9,Left,,,11,6ft 4in,220 lbs,Russia,Two-Way Defenseman,,,0,5,5,11,11,7,9,7 ,14,11,9,9,9,5,13 ,12,9,12 , 9,12,9,5,5,9,15,15,,15,15,,,,,,,,,,,251,D
Detroit Falcons,S55,Stan Q.,Next,5,,Dankoa,?,22,6ft 2in,220 lbs,"Santo Domingo, Dominican Republic",,,,1,7,9,11,11,9,5,11 ,10,5,5,10,7,10,10 ,9,7,10 , 8,9,9,5,5,11,15,15,,15,15,,,,,,,,,,,160,C
Detroit Falcons,S55,Kolja,Kekkonen,9,,,,8,6ft 3in,225 lbs,"Lappeenranta, Finland",,,,10,5,11,10,11,9,11,11 ,11,5,9,9,8,5,10,9,9,9 , 9,9,9,5,5,5,15,15,,15,15,,,,,,,,,,,170,D
Detroit Falcons,S54,Taisto,Jutila,11,,Tom Hanks,Esa Tikkanen,10,6ft 5in,225 lbs,"Tampere, Finland",,,,13,6,10,11,11,9,7,12,12,5,11,11,6,10,13 ,9,9,11 , 11,11,9,5,5,9,15,15,,15,15,,,,,,,,,,,261,C
Detroit Falcons,S54,Thor,Odinson,13,,,,44,6ft 5in,250 lbs,Norway,,,,12,,,10,10,,,,,,13,,,,,,,,,,,,8,,15,15,15,,15,12,12,10,11,12,13,13,11,11,9,267,G
Detroit Falcons,S54,Joseph,Fantobens,12,Right,,,13,6ft 0in,188 lbs,Sweden,Two-Way Defenseman,"Scoring, Defense, Skating",Checking,1,7,9,12,11,11,10,13,10,9,12,11,9,5,12,11,12,11, 11,11,9,5,5,9,15,15,,15,15,,,,,,,,,,,295,D
Detroit Falcons,S53,Toki,Wartooth,12,Right,,Niko Mikkola,44,6ft 4in,230 lbs,Norway,,,,0,5,6,10,12,7,9,9,13,11,12,10,10,5,12,11,8,11, 11,12,11,5,9,8,15,15,,15,15,,,,,,,,,,,270,D
Detroit Falcons,S53,Burlok,Sulfurgold,11,Right,,Brent Burns,86,6ft 1in,220 lbs,Germany,Forward,,,101,10,9,13,10,9,5,11,13,12,11,13,5,5,13,12,9,11, 13,11,11,5,10,10,15,15,,15,15,,,,,,,,,,,451,RW
Detroit Falcons,S53,Zoltan,Topalo,10,Right,/r/Hockey,Nathan Gerbe,54,5ft 9in,223 lbs,United States,Forward,,,64,13,12,11,11,13,8,13,8,8,10,10,10,6,11,11,12,12, 10,11,13,5,7,10,15,15,,15,15,,,,,,,,,,,414,LW
Detroit Falcons,S53,Edward,Williams,10,Left,Reddit,,22,"6'2""",205 lbs,Great Britain,Power Forward,,,114,13,13,10,12,10,7,11,13,11,10,10,6,10,11,10,10,12, 12,12,12,5,5,9,15,15,,15,15,,,,,,,,,,,464,C
Detroit Falcons,S53,Magnus,Liljeström,13,Right,,Olli Maatta,81,6ft 2in,199 lbs,Sweden,Defenseman,,,131,5,10,13,13,9,9,13,11,5,13,13,10,5,13,10,11,11, 11,13,10,5,5,9,15,15,,15,15,,,,,,,,,,,481,D
Detroit Falcons,S53,Frederick,Wanesly,12,Left,Reddit Thread,Cody Eakin,5,"6'4""",220lbs,Great Britain,Forward,,,80,10,12,13,11,12,8,12,11,10,12,12,7,7,12,11,11,11, 11,12,10,5,7,10,15,15,,15,15,,,,,,,,,,,430,LW
Detroit Falcons,S53,Reid,Sutherland,10,Right,r/hockey,Kyle Turris,5,"5'11""",190 lbs,"Minnesota, USA",Forward,,,131,5,10,13,13,10,7,14,9,8,10,10,8,12,14,11,12,10, 11,12,10,5,5,9,15,15,,15,15,,,,,,,,,,,481,C
Detroit Falcons,S53,A,Jobin,15,Left,,,5,6ft 1in,215 lbs,United States,,,,25,,,10,6,,,,,,15,,,,,,,,,,,,8,,15,15,15,,15,13 | Glove,13,10 | Positioning,13,13 | Puckhandling,13,15,11,10 | Goalie Stamina,11,375,G
Detroit Falcons,S53,Jack,Kanoff,11,Right,DylanJJ37,TJ Oshie,10,5ft 11in,183 lbs,Canada,,,,134,5,11,11,12,10,13,13,11,5,11,11,8,5,13,12,10,12, 13,12,11,5,5,8,15,15,,15,15,,,,,,,,,,,484,D
Detroit Falcons,S52,Guy,O'Shea,13,Right,JSS,Erik Karlsson,28,6ft 3in,220 lbs,Ireland,,,,109,5,12,13,13,12,12,14,10,7,13,11,10,5,13,12,12,11, 12,13,11,5,5,7,15,15,,15,15,,,,,,,,,,,534,D
Detroit Falcons,S52,Jmac,NCheese,13,Right,,Steven Stamkos,8,6ft 1in || Weight,200 lbs,"Tampa, Florida, USA",Two-Way Forward,,,61,9,11,13,13,12,7,14 ,13,6,13,13,10,5,14 ,11,10,12 , 11,12,11,5,5,8,15,15,,15,15,,,,,,,,,,,486,RW
Detroit Falcons,S52,Luke,McMaster,12,Right,Reddit,Gritty,19,"5'11""",190lbs,"Philadelphia, PA",Forward,,,15,9,11,14,13,13,11,13,12,6,12,11,,11,13,12,12,9, 13,12,9,5,7,9,15,15,,15,15,,,,,,,,,,,433,C
Detroit Falcons,S52,Cal,Labovitch,12,Left,Gordie Boomhover,Gabriel Landeskog,12,"6'1"" |'| Weight",202 lbs,Switzerland,Setup Man,,,255,7,12,14,14,12,9,14,6,5,12,13,9,5,12,13,13,10, 13,12,9,5,5,8,15,15,,15,15,,,,,,,,,,,680,RW
Detroit Falcons,S52,Oleg Igorevich,Burov,14,Right,Gooney,Braden holtby,18,6ft 4in,210 lbs,Russia,,,,0,,,5,5,,,,,,14,,,,,,,,,,,,8,,15,15,15,,15,11,11,7,11,11,11,14,11,8,9,202,G
Detroit Falcons,S51,Cassidy,Lhotsky,Left Wing,Left,,Filip Hronek,21,5ft 9in,169 lbs,Austria,Playmaker Forward,"Passing, Puck Handling, Defense",checking,7,,,,,,,,,,,,,,,,,,,,"Passing, Puck Handling, Defense",,,,,,,,,,,,,,,,,,,289,LW
Detroit Falcons,S51,Henrik,Lundqvist Jr.,12,Left,StamkosFan,Henrik Lundqvist,30,6ft 2in,210 lbs,Sweden,Playmaker Forward,,,289,7,11,15,12,10,7,13,10,8,12,12,11,12,14,13,13,11, 12,11,9,5,5,5,15,15,,15,15,,,,,,,,,,,714,C
Detroit Falcons,S51,Kaarlo,Kekkonen,12,Right,WannabeFinn,Kaapo Kekko,82,6ft 4in,220 lbs,"Akaa, Finland",Forward,,,374,6,13,10,13,14,9,14,11,5,12,11,5,5,12,13,13,12, 13,13,10,5,5,8,15,15,,15,15,,,,,,,,,,,797,LW
Detroit Falcons,S50,Justin,Womack,Right Wing,Right,StamkosFan,,37,6ft 2in,240 lbs,United States,Two-Way Forward,"Scoring, Defense, Puck Handling",Strength,9,,,,,,,,,,,,,,,,,,,,"Scoring, Defense, Puck Handling",,,,,,,,,,,,,,,,,,,199,C
Detroit Falcons,S50,Zbigniew,Pokrywka,13,Left,,Wojtek Wolski,47,6ft 3in,205 lbs,Poland,,,,0,5,13,13,13,12,10,13,10,6,13,10,11,5,13,11,11,11, 11,11,10,5,7,10,15,15,,15,15,,,,,,,,,,,370,D
Halifax Raiders,S54,Leo,Bloomfield,11,,r/rangers,Alexander Georgiev,94,5ft 9in,150 lbs,Great Britain,,,,0,,,11,9,,,,,,11,,,,,,,,,,,,8,,15,15,15,,15,11,15,11,11,11,11,11,9,10,8,217,G
Halifax Raiders,S54,Kyle,Sutton,9,,Reddit,,96,5ft 11in,190 lbs,"Ottawa, Canada",,,,19,8,11,9,11,14,10,13,9,7,9,9,5,7,9 ,11,10,9 , 11,10,7,5,5,7,15,15,,15,15,,,,,,,,,,,243,RW
Halifax Raiders,S54,Konrad,Danke,12,Right,,Filip Forsberg,58,6ft 2in,220 lbs,Czech Republic,Two-Way Forward,,,2,8,9,12,11,10,9,11,8,6,12,9,7,13,12,9,9,11, 10,11,11,5,5,8,15,15,,15,15,,,,,,,,,,,253,C
Halifax Raiders,S54,Patrick,Shepherd,12,Right,sve7en,Miles Wood,27,6ft 1in,202 lbs,United States,Two-Way Forward,,,,5,5,10,9,8,7,9,11,6,12,10,7,14,14,10,10,10, 10,12,11,5,5,9,15,15,,15,15,,,,,,,,,,,284,C
Halifax Raiders,S54,Mikkel Asmus,Sondergard,12,Right,Zoone16,Rasmus Sandin,93,6ft 2in,195 lbs,Denmark,Two-Way Defenseman,,,9,5,9,11,13,9,9,11,12,7,12,11,11,5,13,11,11,11, 11,13,10,5,5,9,15,15,,15,15,,,,,,,,,,,318,D
Halifax Raiders,S54,Will,Windsor,12,Left,,JT Compher,37,6ft 5in,190 lbs,Canada,Defensive Defenseman,,,6,5,5,9,8,7,9,7,10,10,12,8,14,5,13,7,11,9, 8,10,9,5,8,10,15,15,,15,15,,,,,,,,,,,215,D
Halifax Raiders,S53,Blake,Feaux,17,Right,Donini13,,20,6ft 2in,225 lbs,.,Defensive Defenseman,"Defense, Checking, Endurance",Scoring,0,5,5,5,11,5,5,5 ,13,5,17,13,13,5,5 ,5,5,11 , 5,5,11,5,5,5,15,15,,15,15,,,,,,,,,,,256,D
Halifax Raiders,S53,Alexander,Roach,8,Left,Sve7en,,91,6ft 3in,200 lbs,United States,Playmaker Forward,,,10,7,10,15,12,11,9,13,9,6,8,9,8,10,11,12,10,9, 11,12,9,5,5,8,15,15,,15,15,,,,,,,,,,,302,C
Halifax Raiders,S53,Jack,Von Arx,12,Left,,Ryan Graves,27,6'5,225,Switzerland,Two-Way Defenseman,"Passing, Defense, Scoring",Checking,0,6,8,7,11,7,10,8,12,11,12,8,10,5,11,9,9,11, 9,9,9,5,8,10,15,15,,15,15,,,,,,,,,,,196,D
Halifax Raiders,S53,Marty,Sertich,8,Left,Reddit,Patrick Kane,7,5ft 11in,182 lbs,Germany,Playmaker Forward,,,0,9,12,10,11,13,6,11,9,8,8,8,8,5,8,11,11,11, 12,11,10,5,5,7,15,15,,15,15,,,,,,,,,,,233,LW
Halifax Raiders,S53,Valentín,Kalashnikov,11,Right,Reddit post.,,44,6ft 3in,225 lbs,Russia,Shutdown Defenseman,,,91,7,7,11,11,7,8,7,13,13,11,12,13,7,14 ,11,10,13 , 10,11,10,10,9,9,15,15,,15,15,,,,,,,,,,,440,D
Halifax Raiders,S53,Lucas,Hellquist,10,Right,,,13,6ft 4in,245 lbs,Norway,Playmaker Forward,,,1,10,12,14,12,12,9,13,11,9,10,9,9,11,10,10,11,10, 11,12,10,6,6,9,15,15,,15,15,,,,,,,,,,,338,RW
Halifax Raiders,S53,PeaKay,Soupcan,7,Right,,P.K. Subban,76,6ft 1in,185 lbs,Ireland,Playmaker Forward,,,0,10,11,11,9,9,7,12,7,6,7,8,7,12,8,9,9,10, 9,8,8,5,5,7,15,15,,15,15,,,,,,,,,,,159,C
Halifax Raiders,S53,Skyler,Stevens,13,Left,,,32,6ft 3in,215 lbs,Canada,Hybrid Goalie,,,0,,,7,8,,,,,,13,,,,,,,,,,,,8,,15,15,15,,15,11,11,8,9,10,9,13,10,8,10,Calculation function not available,G
Halifax Raiders,S52,Olli,"Saarinen, Jr.",15,Left,,Carter Hart,79,6ft 2in,181 lbs,Finland,Hybrid Goalie,"Style Control, Hand Speed, Reaction Time",Skating,141,,,11,10,,,,,,15,,,,,,,,,,,,8,,15,15,15,,15,13,14,12,13,14,13,15,10,12,12,565,G
Halifax Raiders,S52,Simon,Moreau,12,Left,,Jonathan Drouin,22,6ft 1in,210 lbs,"Laval,QC (Canada)",Two-Way Defensemen,,,0,5,8,9,11,6,8,12,10,8,12,12,11,5,13,10,10,11, 11,9,8,5,6,8,15,15,,15,15,,,,,,,,,,,235,D
Halifax Raiders,S51,Al,Kayhall,13,Right,,Jarret Stoll,91,6ft 3in,212 lbs,United States,Playmaker Forward,,,244,9,13,12,13,13,8,14 ,10,9,13,11,10,10,13 ,13,11,11 , 14,10,9,5,5,6,15,15,,15,15,,,,,,,,,,,669,RW
Halifax Raiders,S51,Thicc,Cheezy,12,Left,Thread on r/canucks,,7,6ft 1in,215 lbs,Canada,Playmaker Forward,"Passing, Skating, Defense",Checking,117,5,11,15,13,11,8,13,12,8,12,12,11,5,12,12,12,12, 12,12,10,5,5,11,15,15,,15,15,,,,,,,,,,,542,LW
Halifax Raiders,S51,Julien,Villeneuve,10,Left,"Me, bitch",Claude Giroux,28,5ft 9in,185 lbs,"Monte Carlo, Monaco",Offensive Forward,"Scoring, Defense, Face Offs",Checking,0,9,12,8,10,14,8,12,7,6,10,8,8,8,10 ,11,9,9 , 11,12,10,5,6,8,15,15,,15,15,,,,,,,,,,,241,C
Halifax Raiders,S50,Partario,Scarangella,10,Right,,,11,5ft 4in,158 lbs,United States,Two-Way Forward,,,0,8,9,10,12,8,7,10,12,8,10,10,5,5,12,10,10,11, 11,8,8,5,5,7,15,15,,15,15,,,,,,,,,,,200,RW
Kelowna Knights,S55,Chris,Goodname,7,,,Ryan Ellis,34,6ft 3in,209 lbs,"Calgary, Canada",,,,0,5,8,9,11,9,9,12 ,7,7,7,7,7,5,12 ,11,11,9, 11,11,8,5,5,5,15,15,,15,15,,,,,,,,,,,170,D
Kelowna Knights,S54,Alexader,Kazur II,5,,VHL,Alexei Ponikarovsky,4,6ft 2in,215 lbs,"Kiev, Ukraine [Represents Russia internationally]",,,,0,11,7,9,10,6,7,6 ,10,10,5,5,9,5,9 ,7,5,10 , 6,9,12,11,11,11,15,15,,15,15,,,,,,,,,,,165,D
Kelowna Knights,S54,Noah,Esar,5,,Reddit,,27,5ft 11in,185 lbs,"Montreal, Canada",,,,0,7,12,10,8,12,7,10,6,5,5,10,5,6,5,13,5,5, 5,13,5,5,5,5,15,15,,15,15,,,,,,,,,,,Calculation function not available,RW
Kelowna Knights,S54,Brayden,Ennis,13,,NSFL people?,Jimmy Howard,70,6ft 4in,240 lbs,United States,,,,0,,,9,8,,,,,,13,,,,,,,,,,,,8,,15,15,15,,15,10,12,10,11,10,10,11,10,10,9,170,G
Kelowna Knights,S54,Devin,Williams,11,,Reddit,,37,6ft 3in,240 lbs,"Kenora, Canada",,,,0,5,9,10,10,12,10,10,10,8,11,10,9,6,11,10,10,11, 11,11,9,8,8,10,15,15,,15,15,,,,,,,,,,,234,D
Kelowna Knights,S54,Justin,Keahi,12,,,,7,6ft 1in,214 lbs,Somewhere in the Pacific,,,,0,12,9,10,10,9,7,10,11,12,12,12,7,5,10 ,10,10,11, 10,12,10,11,10,9,15,15,,15,15,,,,,,,,,,,289,RW
Kelowna Knights,S54,Simon,Takshak,9,,,Danny Devito,42,5ft 0in,300 lbs,"Jakarta, Indonesia",,,,2,13,10,9,10,11,7,9 ,13,13,9,9,7,5,9,9,9,10, 9,13,9,5,11,11,15,15,,15,15,,,,,,,,,,,269,RW
Kelowna Knights,S54,Rotticus,Scott,10,,Jack Kanoff,David Pastrnak,24,6ft 0in,200 lbs,"Laval, Canada",,,,1,9,11,13,11,11,9,13 ,9,9,10,11,8,5,11,11,11,10, 13,12,9,5,7,7,15,15,,15,15,,,,,,,,,,,293,LW
Kelowna Knights,S54,Daniel,Laforest,11,,online,Jaromir Jagr,68,6ft 3in,211 lbs,"Montreal,QC,Canada",,,,5,7,10,12,12,10,9,10 ,11,7,11,11,8,11,11,12,13,9 , 12,12,10,5,5,7,15,15,,15,15,,,,,,,,,,,294,C
Kelowna Knights,S53,Ethan,Duncan,13,Right,Reddit,,87,"5' 10""",192 lbs,United States,Two-Way Forward,,,118,8,10,12,11,10,6,11,13,9,13,13,8,12,13,11,10,12, 11,11,10,5,5,10,15,15,,15,15,,,,,,,,,,,468,C
Kelowna Knights,S53,Jaska,Seppälä,9,Left,,,7,6ft 2in,205 lbs,Finland,Sniper Forward,,,127,12,12,9,12,13,12,12,9,9,9,9,9,9,9,12,12,12, 12,12,9,5,5,12,15,15,,15,15,,,,,,,,,,,477,LW
Kelowna Knights,S53,Rocco,Berni,11,Right,Recreate,,83,5ft 10in,180 lbs,Switzerland,Playmaker Forward,,,136,7,11,13,13,10,5,12,5,9,11,11,10,12,11,12,12,11, 11,12,11,5,5,12,15,15,,15,15,,,,,,,,,,,486,C
Kelowna Knights,S52,Cillian,Kavanagh,15,Right,Google Search,,30,6ft 4in,205 lbs,Ireland,Hybrid Goalie,,,160,,,8,9,,,,,,15,,,,,,,,,,,,8,,15,15,15,,15,13,14,10,14,14,14,15,10,12,12,584,G
Kelowna Knights,S52,Noah,Nystrom,12,Right,Reddit /r/tampabaylightning,Ondej Palat,26,6ft 4in,230 lbs,Sweden,Two-Way Defenseman,,,0,5,9,10,12,8,10,8,14,12,12,12,13,5,14,10,10,12, 10,10,13,5,5,10,15,15,,15,15,,,,,,,,,,,369,D
Kelowna Knights,S52,Adam,Scianna,12,Right,,Jonas Holøs,31,"6'2""",225 lbs,"Trondheim,Norway",Two-Way Defenseman,,,255,5,10,13,12,10,13,13,10,10,12,12,12,5,15,10,10,12, 13,13,10,5,5,9,15,15,,15,15,,,,,,,,,,,680,D
Kelowna Knights,S52,Morgan,Forestier,11,Right,@JSS,Jonathan Drouin,90,"6'2""",204 lbs.,"Drummondville, Quebec",Playmaker,"Passing, Strength, Defense",Checking,0,10,11,13,13,10,6,12,9,8,11,10,10,12,11,11,11,11, 11,11,11,5,5,11,15,15,,15,15,,,,,,,,,,,327,C
Kelowna Knights,S52,Theo,Golury,8,Right,,Theo Fleury,93,6'0'',190,Austria,Offensive Forward,,,0,9,13,10,12,12,8,13,10,10,8,9,9,5,12,13,13,12, 12,10,10,5,5,12,15,15,,15,15,,,,,,,,,,,353,LW
Kelowna Knights,S51,Ebenezer,Virtanen,11,Left,,Mikko Rantanen,12,6ft 2in,215 lbs,Finland,Two-Way Forward,,,0,5,7,11,9,9,11,10 ,11,9,11,9,10,5,13 ,11,11,11 , 11,10,9,6,5,9,15,15,,15,15,,,,,,,,,,,232,C
Kelowna Knights,S51,Luciano,Vessot,D,Right,N/A,Ivan Provorov,12,6'1,198,Canada,Offensive Defenseman,,,4,5,10,13,13,12,12,14,10,10,13,10,10,5,13,12,12,11, 12,12,12,5,5,10,15,15,,15,15,,,,,,,,,,,429,D
Kelowna Knights,S50,Andrey,Barbashev II,13,Left,,,92,6ft 0in,185 lbs,Austria,Offensive Forward,,,272,10,13,10,12,14,11,13,10,9,13,9,5,5,9,14,12,12, 14,13,10,5,5,9,15,15,,15,15,,,,,,,,,,,697,LW
Kelowna Knights,S50,Alex,Ranch,9,Right,Jepox,,54,6ft 0in,200 lbs,Bosnia,Offensive Defenseman,,,0,5,5,10,10,5,5,5,12,12,9,5,5,5,12,10,10,10, 10,12,10,5,5,10,15,15,,15,15,,,,,,,,,,,190,D
Kelowna Knights,S50,Kalevolaripaavo,Käspertommevisnapuu,11,Right,,,20,6ft 4in,210 lbs,"Maarja-Magdaleena, Estonia",Sniper Forward,"Scoring, Defense, Puck Handling",Checking,135,12,13,10,13,14,8,14,10,9,11,10,9,5,12,13,11,11, 13,11,11,5,7,12,15,15,,15,15,,,,,,,,,,,560,RW
Kelowna Knights,S50,Gylfi,Eriksson,9,Right,PBE,Zuccarello,35,6ft 2in,215 lbs,Sweden,Playmaker Forward,,,69,12,12,10,12,12,7,10 ,14,10,9,5,9,14,12 ,10,10,12 , 12,12,12,10,10,12,15,15,,15,15,,,,,,,,,,,494,LW
Kelowna Knights,S50,Shiqa,Vitalievich,13,Right,,Isaiah Saville,62,6ft 4in,210 lbs,Russia,Butterfly Goalie,,,0,,,5,5,,,,,,13,,,,,,,,,,,,8,,15,15,15,,15,12,12,5,12,12,12,13,8,10,5,199,G
Newfoundland Berserkers,S54,Mats,Marner,11,,JNH,Mats Sundin,13,6ft 4in,230 lbs,"Lviv, Ukraine",,,,1,6,9,11,11,11,8,11,11,11,11,11,9,8,11,10,11,11, 11,11,11,5,5,5,15,15,,15,15,,,,,,,,,,,257,C
Newfoundland Berserkers,S54,Elias,Kierkegaard,11,,Wasty,Jacob Larsson,10,6ft 2in,205 lbs,"Copenhagen , Denmark",,,,4,5,8,11,11,12,10,11 ,7,7,11,10,9,5,12 ,11,11,10 , 12,10,10,5,5,5,15,15,,15,15,,,,,,,,,,,241,D
Newfoundland Berserkers,S54,Matthew,Forrester,10,,NSFL,Chad Smith (Glasgow Clan),7,6ft 0in,205 lbs,"Kirkcaldy, Great Britain",,,,13,9,8,13,11,9,8,11 ,11,6,10,10,6,10,10,11,10,11, 10,13,11,5,5,8,15,15,,15,15,,,,,,,,,,,265,C
Newfoundland Berserkers,S54,Renji,Atake,10,,tylar,Evan Bouchard,8,6ft 3in,210 lbs,"Winnipeg, Manitoba, Canada",,,,1,10,10,10,10,9,9,10 ,10,10,10,10,10,5,12,10,10,11, 10,10,11,10,6,6,15,15,,15,15,,,,,,,,,,,236,D
Newfoundland Berserkers,S54,Guy,LeGrande,9,,Google,Trevor Lewis,22,6ft 5in,220 lbs,"New Market, Canada",,,,9,8,9,11,9,11,7,11 ,9,5,9,11,5,11,11 ,11,11,12, 11,13,11,5,5,7,15,15,,15,15,,,,,,,,,,,257,C
Newfoundland Berserkers,S54,Red,Arrow,7,,Tigerfan89,Nick Senzel,12,5ft 10in,194 lbs,"Cincinnati, United States",,,,0,10,12,9,12,13,7,11 ,9,5,7,7,7,5,8,10,9,11 , 13,10,10,5,5,5,15,15,,15,15,,,,,,,,,,,218,RW
Newfoundland Berserkers,S54,Matvei,Stevlaco,14,,HemskyIsSic,Ilya Bryzgalov,8,6ft 2in,220 lbs,Russia,,,,2,,,7,7,,,,,,14,,,,,,,,,,,,8,,15,15,15,,15,11,11,9,12,11,11,11,7,9,9,177,G
Newfoundland Berserkers,S54,Jack,Klompus,11,,Teztify,Chris Phillips,41,5ft 11in,195 lbs,"St. Paul, United States",,,,8,5,10,13,10,12,9,11 ,11,8,11,10,10,5,11 ,10,10,11 , 11,12,11,5,9,9,15,15,,15,15,,,,,,,,,,,288,D
Newfoundland Berserkers,S54,Niccolo,Livius,11,,kdang,Giordio de Bettin,31,6ft 3in,185 lbs,"Florence , Italy",,,,4,9,9,9,9,9,9,9 ,11,11,11,11,9,5,10 ,11,11,10 , 10,9,11,5,10,10,15,15,,15,15,,,,,,,,,,,225,LW
Newfoundland Berserkers,S54,Gavin,Wallace,9,,,Sam Steel,95,6ft 0in,170 lbs,"Glasgow, Great Britain",,,,3,8,11,10,11,13,7,11,9,7,9,7,7,11,9,11,11,11, 11,11,9,5,8,8,15,15,,15,15,,,,,,,,,,,234,C
Newfoundland Berserkers,S54,Tinke,Jutila,12,,Recreate,Timo Jutila,7,5ft 9in,216 lbs,"Tampere, Finland",,,,6,5,5,10,10,9,9,9 ,11,10,12,10,11,5,13 ,10,10,11, 10,13,11,5,5,10,15,15,,15,15,,,,,,,,,,,264,D
Newfoundland Berserkers,S54,Cale,Amundsen,13,,,,30,6ft 6in,230 lbs,Netherlands,,,,10,,,5,8,,,,,,13,,,,,,,,,,,,8,,15,15,15,,15,13,13,9,13,11,13,14,9,11,13,297,G
Newfoundland Berserkers,S54,PBJ,Souppan,11,,Stamkosfan,PJ Subban,97,6ft 0in,205 lbs,"Calgary, Canada",,,,13,5,9,11,11,12,11,10 ,12,9,11,9,9,5,11,11,11,12, 11,11,11,5,7,5,15,15,,15,15,,,,,,,,,,,282,D
Newfoundland Berserkers,S53,Ryuuji,Minamino,10,Left,Reddit,,11,"6'3"" | Weight",210 lbs,"Sapporo, Japan",Power Forward,,,122,11,12,11,13,12,6,13,10,9,10,10,5,5,10,13,11,12, 11,13,12,5,5,10,15,15,,15,15,,,,,,,,,,,472,RW
Newfoundland Berserkers,S53,(Clean) Andrei,Kostitsyn,11,Right,,Andrei Kostitsyn,46,6ft 0in,205 lbs,Latvia,Two-Way Forward,,,5,11,12,13,13,13,8,12,13,13,11,9,8,5,9,10,11,11, 11,13,11,5,9,9,15,15,,15,15,,,,,,,,,,,384,RW
Newfoundland Berserkers,S53,Patric,Twist,10,Left,Reddit,Tony Twist,22,6ft 2in,235 lbs,Ireland,Power Forward,,,14,12,11,10,11,11,7,9,11,10,10,9,9,5,10,10,10,12,12,11,12,5,5,9,15,15,,15,15,,,,,,,,,,,282,RW
Newfoundland Berserkers,S53,Mattias,Birdstrom,12,Right,r/hockey,Rich Peverley,81,5ft 11in,205 lbs,Norway,Two-Way Forward,,,3,6,7,12,11,11,6,13,10,9,12,10,7,5,14,9,10,11, 10,9,10,5,5,6,15,15,,15,15,,,,,,,,,,,258,RW
Newfoundland Berserkers,S53,Steve,Harrington,10,Right,reddit u/thedangazone,,34,5ft 11in,160 lbs,Germany,Playmaker Forward,,,145,8,8,15,13,12,7,14,10,5,10,10,5,5,10,13,12,10, 11,13,10,5,5,8,15,15,,15,15,,,,,,,,,,,494,LW
Newfoundland Berserkers,S53,Jukka,Timonen,12,Right,,Mortiz Seider,7,6ft 3in,215 lbs,Finland,Two-Way Defenseman,,,123,5,11,12,12,9,12,14,9,5,12,11,9,5,13,13,13,10, 12,11,8,5,5,9,15,15,,15,15,,,,,,,,,,,473,D
Newfoundland Berserkers,S52,Lucifer,Morningstar,10,Left,,Pavel Datsyuk,66,5ft 11in,198 lbs,Latvia,Sniper Forward,,,0,11,11,13,13,10,6,10,10,7,10,10,7,12,10,11,10,10, 8,10,8,5,5,8,15,15,,15,15,,,,,,,,,,,252,C
Newfoundland Berserkers,S52,SLATT,Potts,13,Left,myself,NLE Choppa,6,5'11,195 lbs,"Atlanta, Georgia",,,,167,7,13,11,15,15,7,13,10,7,13,10,6,5,13,12,11,10, 13,13,10,5,5,7,15,15,,15,15,,,,,,,,,,,592,RW
Newfoundland Berserkers,S51,Steven,Vassallo,Goalie,Left,Google,,79,6ft 3in,203 lbs,Japan,Hybrid Goalie,"Hand Speed, Style Control, Reaction Time",Skating,0,,,,,,,,,,,,,,,,,,,,,,,,,,,,,,,,,,,,,,,287,G
St. Louis Scarecrows,S54,Grapefruit,Lizard,11,,Briedaqueduc,Mark Zuckerberg,11,6ft 11in,300 lbs,"Fredrikstad, Norway",,,,11,10,10,5,12,13,11,11 ,10,5,11,5,5,10,10 ,10,10,9 , 13,12,9,5,5,5,15,15,,15,15,,,,,,,,,,,260,C
St. Louis Scarecrows,S54,Elwulf,Jericson,13,,Reddit,,2,5ft 6in,185 lbs,"Maine, United States",,,,14,5,5,10,10,8,12,10 ,10,8,13,10,9,5,11,13,10,10 , 10,11,11,5,7,10,15,15,,15,15,,,,,,,,,,,265,D
St. Louis Scarecrows,S54,Richard,Majors,15,,,Ron Hextall,13,6ft 0in,215 lbs,United States,,,,11,,,10,9,,,,,,15,,,,,,,,,,,,8,,15,15,15,,15,10,11,9,10,10,11,14,10,12,11,259,G
St. Louis Scarecrows,S54,William,Lockwood,11,,,"William Lockwood, University of Michigan",10,6ft 0in,182 lbs,"Bloomington Hills, United States",,,,13,7,8,10,12,10,10,13 ,10,9,11,11,9,7,11 ,9,9,10 , 9,12,9,5,5,7,15,15,,15,15,,,,,,,,,,,242,RW
St. Louis Scarecrows,S53,Krišs,Dārziņš,10,Left,no one,Teddy Blueger,88,6ft 2in,205 lbs,"Liepāja, Latvia",Sniper Forward,,,19,11,13,11,13,13,10,12,9,9,10,10,9,8,10,12,11,11, 13,13,8,5,6,9,15,15,,15,15,,,,,,,,,,,368,RW
St. Louis Scarecrows,S53,Eric,Hudson,12,Right,Reddit,Warren Foegele,13,6ft 1in,210 lbs,United States,Two-Way Forward,,,115,5,5,13,11,10,11,14 ,11,5,12,13,12,5,15 ,10,10,7 , 10,11,11,5,6,7,15,15,,15,15,,,,,,,,,,,465,LW
St. Louis Scarecrows,S53,Alex,Reyer,7,Right,Reddit,,24,5ft 11in,185 lbs,United States,Playmaker Forward,,,0,13,12,7,12,12,7,7 ,7,7,7,7,7,13,7 ,7,6,12 , 8,8,12,5,5,11,15,15,,15,15,,,,,,,,,,,229,C
St. Louis Scarecrows,S53,Trevor,Johnson,11,Right,,,17,6',200 lbs,United States,Offensive Defenseman,,,0,5,10,7,10,12,13,10 ,11,11,11,11,11,5,11 ,10,7,7 , 5,10,9,5,5,5,15,15,,15,15,,,,,,,,,,,219,D
St. Louis Scarecrows,S53,Erben,Kasius,11,Right,,,10,6ft 2in,210 lbs,Canada,Two-Way Forward,"Scoring, Defense, Skating",Checking,92,5,9,12,13,12,14,12 ,9,9,11,11,9,5,11 ,12,12,11 , 11,12,"Scoring, Defense, Skating",5,5,11,15,15,,15,15,,,,,,,,,,,441,D
St. Louis Scarecrows,S53,Axel,Meszaros,12,Right,,Adam Boqvist,2,6ft 1in,198 lbs,Hungary,Two-Way Defenseman,,,105,5,10,13,13,8,11,13,11,8,12,12,13,5,13,10,9,11 , 12,11,9,5,5,10,15,15,,15,15,,,,,,,,,,,454,D
St. Louis Scarecrows,S53,Jason,Voorhees,13,Left,Reddit,,13,6ft 5in,240 lbs,Finland,Hybrid Goalie,,,0,,,5,5,,,,,,13,,,,,,,,,,,,8,,,15,15,,15,13,12,6,9,9,12,13,5,10,6,169,G
St. Louis Scarecrows,S52,Danny,Marston,10,Left,,Tobias Bjornfot,34,6ft 2in,205 lbs,United States,Playmaker Forward,,,144,10,11,14,13,9,9,15 ,9,8,10,8,9,13,12 ,11,15,10 , 11,11,10,6,6,12,15,15,,15,15,,,,,,,,,,,569,C
St. Louis Scarecrows,S52,Mega,Tron,12,Left,Who knows,Tom Wilson,43,6ft 4in,215 lbs,Austria,Sniper Forward,,,0,13,13,9,10,13,8,13 ,12,9,12,11,10,6,13 ,10,13,13 , 11,13,10,5,5,9,15,15,,15,15,,,,,,,,,,,403,RW
St. Louis Scarecrows,S52,Trey,Nets,11,Right,StamkosFan,Sidney Crosby,9,6ft 1in,215 lbs,United States,Sniper Forward,,,15,11,11,11,11,11,10,13 ,11,9,11,11,7,11,12 ,11,11,11 , 11,11,11,6,9,11,15,15,,15,15,,,,,,,,,,,353,C
St. Louis Scarecrows,S52,Borys,Franciszek,5,Left,,Mariusz Czerkawski,3,6ft 6in,228 lbs,Poland,Power Forward,,,0,12,8,10,8,10,6,8 ,12,12,5,12,5,5,8 ,8,9,10 , 8,8,10,5,8,14,15,15,,15,15,,,,,,,,,,,226,LW
St. Louis Scarecrows,S51,Elizabeth,Doyle,18,Left,,Shannon Szabados,27,6ft 3in,217 lbs,Ireland,Hybrid Goalie,,,10,,,10,10,,,,,,18,,,,,,,,,,,,8,,15,15,15,,15,15,15,10,15,15,15,17,10,17,15,802,G
St. Louis Scarecrows,S51,Luc-Pierre,Lespineau-Lebrunette,12,Left,AARP,Alexander Ovechkin,25,6ft 2in,209 lbs,Canada,Enforcer Defenseman,,,137,5,5,5,10,5,5,10 ,14,14,12,13,12,5,13 ,10,10,13 , 10,10,12,10,15,12,15,15,,15,15,,,,,,,,,,,562,D
St. Louis Scarecrows,S51,Indigo,Trevino,9,Right,sim crack,Kyle Lowry but with skates,7,5ft 10in,220 lbs,Latvia,Power Forward,,,114,10,15,10,13,14,9,14,10,9,9,10,7,5,10,12,12,14, 11,11,12,5,5,10,15,15,,15,15,,,,,,,,,,,539,RW
St. Louis Scarecrows,S50,Flash,Gordon,15,Left,Nictox,,69,"6' - 4""",225 lbs,Czech Republic,Defensive Defenseman,,,4,5,5,10,14,5,5,5 ,14,10,15,14,14,5,14 ,9,9,12 , 9,11,12,5,5,12,15,15,,15,15,,,,,,,,,,,429,D
St. Louis Scarecrows,S50,Sasha,Dangelchek,11,Right,Reddit thread,Patrik Elias,26,6ft 3in,220 lbs,Czech Republic,Power Forward,,,106,12,12,15,12,12,8,13 ,12,11,11,6,10,5,11 ,12,12,11 , 12,11,12,5,5,11,15,15,,15,15,,,,,,,,,,,528,RW
St. Louis Scarecrows,S50,Yamamoto,Mitsuharu,14,Right,,Yushiroh Hirano,09,"6'-2""",215,"Tokyo, Japan",Playmaker,,,0,9,9,10,13,9,7,9 ,14,10,14,14,9,7,14 ,9,9,13 , 13,11,10,5,7,12,15,15,,15,15,,,,,,,,,,,405,RW
Vancouver Whalers,S54,Walito,Gretzky,11,,Gooney,,25,6ft 1in,185 lbs,"Etobicoke, Canada",,,,4,8,13,10,11,11,9,11,10,5,11,10,7,6,5 ,10,10,10 , 11,10,5,5,5,5,15,15,,15,15,,,,,,,,,,,206,RW
Vancouver Whalers,S54,Luke,Spinelli,7,,No one,Devin Shore,12,6ft 2in,200 lbs,"Texas, United States",,,,0,9,12,10,11,11,5,12 ,7,5,7,7,5,5,7 ,6,10,8 , 11,11,6,5,5,6,15,15,,15,15,,,,,,,,,,,Calculation function not available,C
Vancouver Whalers,S54,Sammy,Koa,11,,Gooney,Duncan Keith,2,6ft 1in,198 lbs,"Chicago, United States",,,,11,9,7,11,11,7,7,5 ,10,11,11,11,10,5,13 ,10,9,10 , 10,9,10,5,6,6,15,15,,15,15,,,,,,,,,,,215,D
Vancouver Whalers,S54,Bryce,McMahon,11,,,Kailer Yamamoto,61,5ft 11in,193 lbs,"Leeds, Great Britain",,,,0,5,8,14,12,7,8,11,9,5,11,8,9,5,13,10,12,9 , 12,10,5,5,5,5,15,15,,15,15,,,,,,,,,,,237,RW
Vancouver Whalers,S54,Name,Redacted,14,,,Zac Rinaldo,19,6ft 3in,200 lbs,China,,,,5,,,7,5,,,,,,14,,,,,,,,,,,,8,,15,15,15,,15,11,12,7,13,11,13,14,7,11,12,265,G
Vancouver Whalers,S54,Ryosuke,Sato,13,,Reddit,,30,"5'7""",150lbs,"Saitama,Japan",Playmaking Defenseman,,,17,5,7,11,13,7,7,11,11,7,13,11,9,5,13,11,11,11 , 11,13,7,5,5,7,15,15,,15,15,,,,,,,,,,,291,D
Vancouver Whalers,S54,Luffy,Richard,10,,,,11,6ft 2in,210 lbs,"Anaheim, United States",,,,7,7,9,10,10,8,8,11 ,10,9,10,10,7,5,12 ,9,9,12 , 10,10,10,5,5,5,15,15,,15,15,,,,,,,,,,,195,LW
Vancouver Whalers,S54,Slimey,Snail,11,Right,Briedaqueduc,Dustin Byfuglien,69,5ft 0in,300 lbs,Czech Republic,Defensive Defenseman,,,0,5,5,9,10,9,9,9,13,11,11,11,11,9,13,10,9,10, 11,11,9,9,7,7,15,15,,15,15,,,,,,,,,,,245,D
Vancouver Whalers,S53,James,Brown,11,Right,,,67,6ft 2in,235 lbs,Canada,Two-Way Defenseman,,,0,5,8,11,10,8,9,11,12,5,11,10,9,5,12,10,8,10, 10,10,8,5,5,7,15,15,,15,15,,,,,,,,,,,192,D
Vancouver Whalers,S53,William,Hartmann,13,Right,Reddit,Sven Baertschi,14,"5'11""",196 lbs,"Lugano, Switzerland",Counterattacking Forward,,,100,7,11,13,12,13,9,13 ,13,10,13,11,5,5,10,12,11,10 , 13,10,9,5,7,7,15,15,,15,15,,,,,,,,,,,450,LW
Vancouver Whalers,S53,Miro,Slapskinnenen,9,Right,Reddit,Jason Zucker,66,6ft 2in,210 lbs,Finland,Sniper Forward,,,0,8,12,10,11,11,10,12,9,5,9,9,5,5,10,10,10,11, 11,9,6,5,7,6,15,15,,15,15,,,,,,,,,,,199,LW
Vancouver Whalers,S53,Zach,Attack,13,Right,Dorsal Finn,Jonathan Quick,12,6ft 2in,210 lbs,United States,Hybrid Goalie,,,0,,,9,9,,,,,,13,,,,,,,,,,,,8,,15,15,15,,15,11,11,9,11,12,10,11,9,5,5,Calculation function not available,G
Vancouver Whalers,S53,Jacob,Rizzo,8,Left,,Dylan Strome,8,6ft 2in,215 lbs,United States,Sniper Forward,,,0,9,10,8,10,11,11,14,7,5,8,5,7,5,10,10,10,10, 10,8,8,5,5,5,15,15,,15,15,,,,,,,,,,,182,RW
Vancouver Whalers,S53,Lligma,Broomstick,11,Right,,William,33,5ft 11in,180 lbs,United States,Offensive Forward,,,5,10,10,10,10,11,10,11 ,10,7,11,11,8,13,12 ,11,9,10 , 10,10,8,5,6,9,15,15,,15,15,,,,,,,,,,,263,C
Vancouver Whalers,S52,Nicholas,Corrigan,10,Left,,Mitch Marner,7,5ft 11in,185 lbs,Canada,Playmaker Forward,,,0,5,8,11,10,10,7,13,9,6,10,11,5,7,12 ,12,12,11, 13,11,9,5,5,5,15,15,,15,15,,,,,,,,,,,254,RW
Vancouver Whalers,S52,Sven,Yxskaft,14,Left,Reddit,Oliver Ekman-Larsson,5,"5'11""",187 lbs,Sweden,Two-Way Defenseman,,,253,5,9,11,12,11,13,13 ,12,10,14,12,9,5,14 ,11,11,11, 13,13,11,5,5,10,15,15,,15,15,,,,,,,,,,,677,D
Vancouver Whalers,S52,Austin,Powers,9,Right,hewasajazzman,,69,5ft 8in,185 lbs,Great Britain,Playmaker Forward,,,0,7,7,12,12,8,8,12,10,6,9,10,8,10,11,11,10,9, 10,9,6,5,6,6,15,15,,15,15,,,,,,,,,,,197,C
Vancouver Whalers,S51,Stracimir,Petrović,10,Left,,,13,6ft 5in,230 lbs,Serbia,Playmaker Forward,,,0,10,13,13,14,11,9,12,12,5,10,11,7,12,13,10,14,10, 10,12,9,5,5,10,15,15,,15,15,,,,,,,,,,,398,C
Vancouver Whalers,S50,François,Breton,14,Left,,,81,6ft 0in,180 lbs,United States,Two-Way Forward,,,35,5,10,10,14,15,10,15 ,13,5,14,13,6,5,13 ,10,10,10 , 10,10,10,5,5,10,15,15,,15,15,,,,,,,,,,,460,LW
Vancouver Whalers,S50,Marcus,Ohlsson,12,Left,Reddit,Loui Eriksson,21,"6'3""",225lbs.,Sweden,Playmaker Forward,,,0,10,10,15,13,10,8,13,8,5,12,8,7,11,12,13,12,9, 12,12,8,5,5,9,15,15,,15,15,,,,,,,,,,,357,LW
Vancouver Whalers,S50,Rob,Blake,12,Left,reddit,Dwayne Johnson,97,6ft 3in,220 lbs,Canada,Hybrid Goalie,,,0,,,9,11,,,,,,12,,,,,,,,,,,,8,,15,15,15,,15,11,11,9,11,11,11,12,8,5,6,161,G
