Team,Player Type,Player URL,Draft Class,Draft Class Numeric,First Name,Last Name,Position,Shoots,Recruited by,Player Render,Jersey Number,Height,Weight,Birthplace,Player Role,Strengths,Weakness,Points Available,Screening,Getting Open,Passing,Puckhandling,Shooting Accuracy,Shooting Range,Offensive Read,Checking,Hitting,Stickchecking,Shot Blocking,Faceoffs,Defensive Read,Acceleration,Agility,Balance,Speed,Stamina,Strength,Fighting,Aggression,Bravery,Determination,Team Player,Leadership,Temperament,Professionalism,Blocker,Glove,Poke Check,Positioning,Rebound,Recovery,Low Shots,Reflexes,Skating,Mental Toughness,Goalie Stamina,Listed TPE,Applied TPE,Total TPE,Played Position
Buffalo Stampede,SHL,https://www.simulationhockey.com/showthread.php?tid=99640,S51,51, elizabeth, doyle,, left,, shannon szabados, 27, 6ft 3in, 217 lbs, ireland, hybrid goalie,,, 8,,, 11, 11,,,,,,,,,,,,,,,,,8,,15,15,15,,15, 16, 16, 11, 19, 16, 16, 16, 19, 11, 18, 15,1105,1097,1105,G
Buffalo Stampede,SHL,https://www.simulationhockey.com/showthread.php?tid=99436,S51,51, nicholas, owens,, right, tnlastatine, alex pietrangelo, 75," 6'0""", 200 lbs, japan, two-way defenseman,,, 1, 5, 15, 15, 15, 12, 12, 15, 17, 11, 15, 15, 5, 16, 15, 15, 17, 15, 15, 15, 5, 5, 12,15,15,15,15,15,,,, 15,,,,,,,,1128,1113,1114,D
Buffalo Stampede,SHL,https://www.simulationhockey.com/showthread.php?tid=98564,S50,50, rintarou, okabe,, left, @xdpark, masahito haruna, 1, 5'8, 183, japan,,,, 2, 9, 14, 15, 14, 13, 9, 15, 15, 9, 14, 9, 14, 15, 13, 12, 15, 14, 15, 15, 5, 5, 12,15,15,15,15,15,,,, 15,,,,,,,,853,837,839,C
Buffalo Stampede,SHL,https://www.simulationhockey.com/showthread.php?tid=98305,S50,50, augustus, wang,, left,,, 18, 6ft 2in, 190 lbs, canada, two-way defenseman,,, 6, 5, 16, 16, 16, 12, 15, 16, 16, 9, 16, 15, 5, 17, 15, 15, 16, 15, 15, 16, 5, 5, 12,15,15,15,15,15,,,, 16,,,,,,,,1311,1291,1297,D
Buffalo Stampede,SHL,https://www.simulationhockey.com/showthread.php?tid=98127,S50,50, aron, hernadivic,, left, reddit,, 56," 5'10""", 180 lbs, czech republic, playmaker forward,,, 21, 9, 17, 16, 17, 15, 9, 16, 16, 9, 16, 9, 9, 16, 15, 16, 17, 15, 16, 15, 5, 5, 9,15,15,15,15,15,,,, 15,,,,,,,,1296,1261,1282,LW
Buffalo Stampede,SHL,https://www.simulationhockey.com/showthread.php?tid=92013,S46,46, lee, marshall,, left,, jimmy howard, 65," 6'3""", 215lbs," brampton, ontario", hybrid goalie,,, 0,,, 10, 10,,,,,,,,,,,,,,,,,8,,15,15,15,,15, 12, 12, 10, 13, 12, 12, 11, 13, 9, 10, 5,226,226,226,G
Buffalo Stampede,SHL,https://www.simulationhockey.com/showthread.php?tid=91456,S46,46, matt, kholin,, left, reddit, jesperi kotkaniemi, 91, 6' 1'', 205 lbs, canada, playmaker forward,,, 14, 10, 19, 15, 19, 18, 8, 20, 17, 10, 16, 5, 16, 17, 16, 16, 16, 16, 16, 16, 5, 5, 10,15,15,15,15,15,,,, 17,,,,,,,,1897,1869,1883,C
Buffalo Stampede,SHL,https://www.simulationhockey.com/showthread.php?tid=91397,S46,46, eric, vanderberg,, right, reddit thread, james van riemsdyk, 89, 6'2, 210," wilmington, de, usa",,,, 16, 5, 15, 15, 16, 12, 14, 15, 15, 11, 15, 14, 5, 16, 16, 15, 15, 15, 15, 15, 5, 5, 13,15,15,15,15,15,,,, 15,,,,,,,,1109,1079,1095,D
Buffalo Stampede,SHL,https://www.simulationhockey.com/showthread.php?tid=91358,S46,46, bobby, sharp,, right, u/achisling on reddit, brock boeser, 27, 6ft 1in, 215 lbs, united states, playmaker forward,,, 41, 12, 18, 18, 18, 15, 12, 18, 17, 9, 17, 12, 16, 18, 17, 17, 17, 17, 16, 17, 5, 5, 12,15,15,15,15,15,,,, 12,,,,,,,,1931,1876,1917,C
Buffalo Stampede,SHL,https://www.simulationhockey.com/showthread.php?tid=91300,S46,46, monkey d., luffy,, left, reddit,, 17," 5'8""", 175 lbs, canada, offensive forward,,, 14, 11, 20, 17, 20, 18, 9, 20, 17, 12, 17, 5, 10, 17, 16, 16, 17, 16, 16, 17, 5, 5, 13,15,15,15,15,15,,,, 15,,,,,,,,2017,1989,2003,C
Buffalo Stampede,SHL,https://www.simulationhockey.com/showthread.php?tid=90995,S46,46, michael, scarn,, right, caltroit_red_flames,, 17, 6ft 1in, 195 lbs, czech republic, sniper forward,,, 12, 15, 18, 18, 19, 14, 9, 18, 18, 15, 17, 9, 15, 17, 15, 15, 18, 15, 17, 19, 5, 5, 13,15,15,15,15,15,,,, 13,,,,,,,,1971,1945,1957,C
Buffalo Stampede,SHL,https://www.simulationhockey.com/showthread.php?tid=90006,S45,45, cassius, darrow,, right, reddit thread in r/bluejackets,, 81, 6ft 2in, 220 lbs, germany, two-way defenseman,,, 25, 5, 17, 18, 17, 12, 15, 17, 18, 11, 17, 17, 5, 18, 17, 17, 18, 17, 17, 17, 5, 5, 12,15,15,15,15,15,,,, 17,,,,,,,,1975,1936,1961,D
Buffalo Stampede,SHL,https://www.simulationhockey.com/showthread.php?tid=89514,S45,45,alexander,selich,, right,tomen,,19," 6'10""", 280 lbs, germany, two-way forward,,, 5, 5, 18, 17, 18, 12, 15, 18, 18, 10, 17, 12, 5, 18, 17, 17, 17, 17, 17, 17, 5, 5, 10,15,15,15,15,15,,,, 18,,,,,,,,1929,1910,1915,D
Buffalo Stampede,SHL,https://www.simulationhockey.com/showthread.php?tid=88543,S44,44, poopity, scoop,, left, yeezus,, 00, 6ft 7in, 280 lbs, kanye's heart, two-way defenseman,,, 33, 5, 16, 16, 16, 12, 16, 16, 17, 16, 18, 16, 5, 18, 17, 16, 17, 16, 17, 17, 5, 10, 12,15,15,15,15,15,,,, 17,,,,,,,,1835,1788,1821,D
Buffalo Stampede,SHL,https://www.simulationhockey.com/showthread.php?tid=87231,S43,43, hippo, passamus,, right, reddit,, 6," 5'6""", 290 lbs," borås, sweden", two-way forward,,, 4, 16, 18, 18, 17, 16, 9, 17, 17, 16, 17, 9, 9, 17, 16, 16, 17, 17, 16, 17, 5, 5, 9,15,15,15,15,15,,,, 15,,,,,,,,1796,1778,1782,C
Buffalo Stampede,SHL,https://www.simulationhockey.com/showthread.php?tid=81038,S39,39, viktor, marius,, right,,, 9, 6'2, 188, latvia, sniper,,, 0, 8, 19, 15, 17, 17, 10, 18, 15, 5, 15, 6, 5, 16, 16, 15, 16, 15, 15, 15, 5, 5, 8,15,15,15,15,15,,,, 11,,,,,,,,1283,1269,1269,LW
Buffalo Stampede,SHL,https://www.simulationhockey.com/showthread.php?tid=66111,S31,31, joe, kurczewski,, left, reddit,, 81, 6'1,240," buffalo, ny", offensive forward,,, 0, 12, 13, 15, 15, 13, 9, 15, 16, 12, 14, 9, 6, 15, 13, 13, 15, 14, 15, 15, 5, 5, 8,15,15,15,15,15,,,, 14,,,,,,,,839,825,825,RW
Chicago Syndicate,SHL,https://www.simulationhockey.com/showthread.php?tid=99493,S51,51, abel, skinner,, left, dieselj, ken daneyko, 3, 6ft 0in, 195 lbs, united kingdom, offensive defenseman,,, 2, 5, 14, 15, 15, 8, 12, 14, 16, 8, 15, 12, 5, 16, 13, 14, 16, 14, 15, 16, 5, 5, 9,15,15,15,15,15,,,, 14,,,,,,,,911,895,897,D
Chicago Syndicate,SHL,https://www.simulationhockey.com/showthread.php?tid=99394,S51,51, luc-pierre, lespineau-lebrunette,, left, aarp, alexander ovechkin, 25, 6ft 2in, 209 lbs, canada, enforcer defenseman,,, 68, 5, 9, 11, 11, 9, 7, 11, 16, 15, 14, 12, 5, 15, 11, 11, 14, 11, 13, 14, 10, 15, 13,15,15,15,15,15,,,, 14,,,,,,,,722,654,722,D
Chicago Syndicate,SHL,https://www.simulationhockey.com/showthread.php?tid=98185,S50,50, ryan, shepard,, left, reddit, kyle palmieri, 21, 6ft 0in, 190 lbs, canada, playmaker forward,,, 13, 11, 17, 17, 17, 13, 9, 15, 18, 11, 17, 8, 13, 17, 12, 12, 17, 13, 16, 17, 5, 5, 9,15,15,15,15,15,,,, 13,,,,,,,,1306,1279,1292,C
Chicago Syndicate,SHL,https://www.simulationhockey.com/showthread.php?tid=98081,S50,50, akira, ren,, left, gorlab,, 74, 6ft 4in, 220 lbs, japan, two-way defenseman,,, 10, 5, 17, 17, 17, 11, 13, 16, 18, 9, 17, 12, 5, 17, 13, 13, 17, 14, 16, 17, 5, 5, 9,15,15,15,15,15,,,, 14,,,,,,,,1346,1322,1332,D
Chicago Syndicate,SHL,https://www.simulationhockey.com/showthread.php?tid=95181,S48,48, nick, connolly,, right, reddit,, 9, 5’10”, 195 lbs, united states, sniper forward,,, 17, 16, 17, 15, 16, 13, 7, 17, 17, 14, 17, 9, 5, 17, 14, 14, 17, 15, 16, 17, 5, 5, 10,15,15,15,15,15,,,, 14,,,,,,,,1409,1378,1395,LW
Chicago Syndicate,SHL,https://www.simulationhockey.com/showthread.php?tid=94058,S47,47, lallo, selman,, left, jnh, timo meier, 11, 5ft 11in, 177 lbs, canada, offensive forward,,, 14, 11, 19, 18, 18, 18, 8, 19, 17, 5, 14, 8, 5, 17, 16, 16, 17, 17, 17, 17, 5, 5, 11,15,15,15,15,15,,,, 14,,,,,,,,1818,1790,1804,LW
Chicago Syndicate,SHL,https://www.simulationhockey.com/showthread.php?tid=93324,S47,47, corey, kennedy,, right, reddit, brent burns, 13, 6ft 4in, 205 lbs," kinsale, county cork, ireland", offensive defenseman,,, 17, 5, 18, 18, 18, 12, 17, 17, 18, 14, 15, 15, 5, 17, 15, 15, 18, 17, 17, 17, 5, 5, 10,15,15,15,15,15,,,, 17,,,,,,,,1875,1844,1861,D
Chicago Syndicate,SHL,https://www.simulationhockey.com/showthread.php?tid=92829,S47,47, gunnar, söderberg,, right, jjaybs, william nylander, 19, 5ft 11in, 195 lbs, sweden, playmaker forward,,, 25, 15, 18, 15, 17, 17, 11, 20, 16, 9, 15, 9, 5, 16, 15, 15, 16, 16, 16, 16, 5, 5, 11,15,15,15,15,15,,,, 15,,,,,,,,1555,1516,1541,RW
Chicago Syndicate,SHL,https://www.simulationhockey.com/showthread.php?tid=92693,S47,47, martijn, westbroek,, left, velevra, mitch marner, 62, 6'3'', 210 lb, netherlands,,,, 7, 17, 17, 17, 17, 14, 11, 17, 18, 10, 17, 11, 14, 17, 14, 14, 17, 15, 18, 17, 5, 5, 11,15,15,15,15,15,,,, 16,,,,,,,,1699,1678,1685,C
Chicago Syndicate,SHL,https://www.simulationhockey.com/showthread.php?tid=92420,S46,46, ethan, ross,, l, me, roman josi, 96, 6ft5, 210, austria,,,, 0, 12, 14, 18, 17, 14, 10, 18, 16, 13, 16, 10, 14, 16, 16, 16, 15, 17, 17, 14, 5, 5, 12,15,15,15,15,15,,,, 15,,,,,,,,1473,1459,1459,LW
Chicago Syndicate,SHL,https://www.simulationhockey.com/showthread.php?tid=92305,S46,46, jules, watt,, right, esso2264, alex edler, 31, 6ft 5in, 230 lbs, finland, defensive defenseman,,, 0, 5, 15, 16, 17, 8, 12, 15, 18, 14, 15, 14, 5, 17, 12, 12, 17, 13, 16, 17, 5, 5, 10,15,15,15,15,15,,,, 15,,,,,,,,1219,1205,1205,D
Chicago Syndicate,SHL,https://www.simulationhockey.com/showthread.php?tid=91350,S46,46, tibuk, soonika,, right,,, 1, 6ft 4in, 210 lbs, canada, stand-up goalie,,, 16,,, 11, 10,,,,,,,,,,,,,,,,,8,,15,15,15,,15, 17, 17, 12, 20, 18, 18, 16, 20, 15, 15, 17,1382,1366,1382,G
Chicago Syndicate,SHL,https://www.simulationhockey.com/showthread.php?tid=91531,S46,46, billy, sorokin,, right, r/hockey,, 60, 6ft 4in, 200 lbs, russia, hybrid goalie,,, 1,,, 7, 7,,,,,,,,,,,,,,,,,8,,15,15,15,,15, 14, 14, 7, 17, 14, 14, 14, 17, 7, 14, 7,517,516,517,G
Chicago Syndicate,SHL,https://www.simulationhockey.com/showthread.php?tid=91275,S46,46, parker, smeb,, right, xdpark/studmuffinz, jesse puljujarvi, 83, 6ft 4in, 215 lbs, korea,,,, 18, 5, 18, 19, 17, 12, 16, 17, 18, 13, 15, 12, 5, 17, 15, 15, 16, 15, 17, 15, 5, 5, 12,15,15,15,15,15,,,, 16,,,,,,,,1621,1589,1607,D
Chicago Syndicate,SHL,https://www.simulationhockey.com/showthread.php?tid=91276,S46,46, daniel, smeb,, left, velevra, elias petterson, 7, 6ft 1in, 190 lbs, korea,,,, 6, 11, 20, 15, 19, 17, 11, 18, 18, 12, 17, 9, 5, 17, 16, 16, 17, 17, 18, 18, 5, 5, 11,15,15,15,15,15,,,, 15,,,,,,,,1958,1938,1944,C
Chicago Syndicate,SHL,https://www.simulationhockey.com/showthread.php?tid=89857,S45,45, nolan, sawchuk,, right, recreate, mathew barzal, 21, 6ft 1in, 188 lbs, iceland,,,, 0, 8, 16, 17, 16, 12, 9, 16, 17, 10, 16, 9, 5, 17, 15, 15, 16, 16, 16, 16, 5, 5, 11,15,15,15,15,15,,,, 13,,,,,,,,1239,1225,1225,RW
Chicago Syndicate,SHL,https://www.simulationhockey.com/showthread.php?tid=85213,S42,42, cameron, carter ii,, left," me, myself and i",, #9, 6'2, 200, canada/usa dual (will definitively choose a country for iihf when i feel the need to.), two-way forward,,, 0, 17, 17, 14, 16, 12, 10, 15, 16, 15, 15, 7, 5, 16, 14, 10, 17, 14, 15, 17, 5, 5, 9,15,15,15,15,15,,,, 11,,,,,,,,1152,1138,1138,LW
Hamilton Steelhawks,SHL,https://www.simulationhockey.com/showthread.php?tid=102333,S53,53, a, jobin,, left,,, 5, 6ft 1in, 215 lbs, united states,,,, 33,,, 11, 10,,,,,,,,,,,,,,,,,8,,15,15,15,,15, 15, 15, 10, 15, 15, 16, 15, 12, 15, 15, 15,678,645,678,G
Hamilton Steelhawks,SHL,https://www.simulationhockey.com/showthread.php?tid=98140,S50,50, ian, venables,, right, reddit, joey daccord, 67," 6'4""", 222, canada,,,, 12,,, 11, 11,,,,,,,,,,,,,,,,,8,,15,15,15,,15, 15, 15, 11, 17, 15, 15, 15, 17, 13, 15, 13,720,708,720,G
Hamilton Steelhawks,SHL,https://www.simulationhockey.com/showthread.php?tid=98128,S50,50, samuel, michaud,, right, reddit, cale makar, 57, 5ft 10in, 205 lbs, united states, two way defencemen,,, 17, 5, 15, 17, 17, 12, 14, 15, 17, 15, 16, 12, 5, 17, 15, 13, 17, 13, 16, 17, 5, 5, 10,15,15,15,15,15,,,, 15,,,,,,,,1327,1296,1313,D
Hamilton Steelhawks,SHL,https://www.simulationhockey.com/showthread.php?tid=96456,S49,49, jagger, fouquette,, left, my icey fit, brendan gallagher, 17," 5'6""", 150 lbs," saskatoon, canada", sniper,,, 12, 9, 13, 13, 15, 11, 8, 13, 17, 13, 17, 5, 5, 17, 15, 10, 16, 13, 14, 14, 5, 5, 5,15,15,15,15,15,,,, 10,,,,,,,,845,826,838,LW
Hamilton Steelhawks,SHL,https://www.simulationhockey.com/showthread.php?tid=96453,S49,49, skao, anazibf,, left,, andre burakovsky, 12," 6'0""", 180 lbs," novosibirsk, russia", playmaker,,, 12, 9, 16, 16, 16, 15, 9, 17, 16, 9, 16, 5, 13, 17, 12, 12, 16, 14, 15, 16, 5, 5, 9,15,15,15,15,15,,,, 15,,,,,,,,1166,1140,1152,C
Hamilton Steelhawks,SHL,https://www.simulationhockey.com/showthread.php?tid=96443,S49,49,hugh,jazz,, l,@waters, mcdavid,69, 8 foot 3,355lbs, canada, two-way forward,,, 10, 10, 17, 17, 17, 15, 9, 17, 17, 11, 17, 10, 5, 17, 15, 13, 17, 16, 15, 17, 5, 5, 9,15,15,15,15,15,,,, 15,,,,,,,,1419,1395,1405,RW
Hamilton Steelhawks,SHL,https://www.simulationhockey.com/showthread.php?tid=95302,S48,48, gabriel, johnson,, right, reddit,, 33, 5ft 11in, 171 lbs, canada, offensive defenseman,,, 6, 5, 18, 19, 20, 12, 12, 18, 17, 11, 16, 13, 5, 17, 16, 16, 16, 13, 15, 16, 5, 5, 9,15,15,15,15,15,,,, 15,,,,,,,,1635,1615,1621,D
Hamilton Steelhawks,SHL,https://www.simulationhockey.com/showthread.php?tid=94275,S47,47, dale, miller,, left,,, 3, 5ft 10in, 180 lbs, united states, offensive forward,,, 2, 9, 15, 15, 17, 13, 8, 17, 17, 9, 17, 5, 5, 17, 13, 13, 17, 14, 15, 16, 5, 5, 10,15,15,15,15,15,,,, 15,,,,,,,,1163,1147,1149,LW
Hamilton Steelhawks,SHL,https://www.simulationhockey.com/showthread.php?tid=93396,S47,47, jax, duggan,, right, r/canucks, drew doughty, 41, 6'4, 250, canada, offensive defenseman,,, 1, 5, 14, 16, 17, 8, 12, 15, 17, 14, 15, 12, 5, 16, 14, 12, 17, 12, 15, 18, 5, 5, 9,15,15,15,15,15,,,, 15,,,,,,,,1142,1127,1128,D
Hamilton Steelhawks,SHL,https://www.simulationhockey.com/showthread.php?tid=93362,S47,47, aaron, wilson,, right, reddit,, 13, 6ft 2in, 215 lbs, canada, two-way forward,,, 0, 9, 18, 18, 19, 15, 9, 18, 18, 11, 18, 5, 13, 19, 15, 10, 18, 15, 16, 19, 5, 5, 8,15,15,15,15,15,,,, 11,,,,,,,,1836,1822,1822,C
Hamilton Steelhawks,SHL,https://www.simulationhockey.com/showthread.php?tid=92646,S47,47, akashi, sixnine,, left, o4l, henri jokiharju, 69, 6ft 2in, 280 lbs, canada, defensive defenseman,,, 11, 6, 15, 17, 17, 7, 13, 15, 16, 13, 15, 12, 5, 17, 13, 10, 16, 14, 15, 16, 5, 5, 9,15,15,15,15,15,,,, 15,,,,,,,,1089,1064,1075,D
Hamilton Steelhawks,SHL,https://www.simulationhockey.com/showthread.php?tid=91762,S46,46, dick, clapper,, left,, jujhar khaira, 13," 6' 4""", 220 lbs, canada,,,, 5, 12, 17, 17, 18, 17, 10, 19, 18, 13, 17, 10, 5, 18, 16, 15, 18, 17, 16, 18, 5, 5, 10,15,15,15,15,15,,,, 17,,,,,,,,1938,1919,1924,LW
Hamilton Steelhawks,SHL,https://www.simulationhockey.com/showthread.php?tid=91393,S46,46, knute, knurtsson,, right,, dylan larkin, 18, 6ft 1in, 198 lbs, sweden, two-way forward,,, 0, 9, 15, 14, 17, 12, 9, 13, 18, 9, 15, 5, 12, 16, 12, 13, 17, 15, 15, 18, 5, 5, 9,15,15,15,15,15,,,, 15,,,,,,,,1116,1102,1102,C
Hamilton Steelhawks,SHL,https://www.simulationhockey.com/showthread.php?tid=91385,S46,46, guy, zheng,, right, reddit, jett woo, 40," 6' 3""", 215 lbs, united kingdom,,,, 24, 5, 17, 18, 19, 12, 17, 19, 17, 10, 17, 15, 5, 17, 17, 17, 17, 15, 17, 18, 5, 5, 10,15,15,15,15,15,,,, 15,,,,,,,,1936,1898,1922,D
Hamilton Steelhawks,SHL,https://www.simulationhockey.com/showthread.php?tid=87216,S43,43, tig, murphy,, left, reddit,, 94, 6ft 2in, 212 lbs, ireland, offensive defenseman,,, 20, 5, 17, 17, 17, 12, 13, 17, 17, 14, 17, 12, 5, 18, 15, 15, 18, 15, 16, 17, 5, 5, 11,,,,,,,,, 17,,,,,,,,1620,1586,1606,D
Hamilton Steelhawks,SHL,https://www.simulationhockey.com/showthread.php?tid=84211,S41,41, flacko, lagerfield,, left, evok,, 47, 5'10, 160," chicago, illinois, united states of america", sniper,,, 4, 7, 17, 15, 17, 15, 11, 17, 15, 8, 15, 5, 5, 16, 15, 15, 17, 14, 15, 15, 5, 5, 10,15,15,15,15,15,,,, 11,,,,,,,,1115,1097,1101,LW
Hamilton Steelhawks,SHL,https://www.simulationhockey.com/showthread.php?tid=73718,S35,35, robert, phelps,, left, kaisonious (reddit),, 52," 6'3""",210 lbs," vancouver, canada", two-way forward,,, 4, 9, 17, 16, 16, 16, 9, 15, 16, 5, 15, 5, 5, 16, 15, 15, 16, 15, 15, 16, 5, 5, 11,15,15,15,15,15,,,, 13,,,,,,,,1141,1123,1127,C
Manhattan Rage,SHL,https://www.simulationhockey.com/showthread.php?tid=102344,S53,53, jukka, timonen,, right,, mortiz seider, 7, 6ft 3in, 215 lbs, finland, two-way defenseman,,, 3, 5, 15, 15, 15, 11, 15, 15, 11, 6, 14, 13, 5, 14, 14, 14, 15, 14, 14, 14, 5, 5, 7,15,15,15,15,15,,,, 14,,,,,,,,802,792,795,D
Manhattan Rage,SHL,https://www.simulationhockey.com/showthread.php?tid=100802,S52,52, samat, beibitzhanov,, left, caltroit_red_flames, vitali kolesnik, 20, 5ft 11in, 191, russia, butterfly goalie,,, 25,,, 11, 10,,,,,,,,,,,,,,,,,8,,15,15,15,,15, 15, 15, 11, 16, 15, 15, 15, 16, 10, 15, 16,712,687,712,G
Manhattan Rage,SHL,https://www.simulationhockey.com/showthread.php?tid=98194,S50,50, phineas, gold,, right,,, 17, 5ft 11in, 190 lbs, united states,,,, 12, 17, 15, 13, 15, 17, 11, 17, 14, 12, 13, 9, 5, 15, 17, 17, 15, 14, 15, 15, 5, 9, 15,15,15,15,15,15,,,, 14,,,,,,,,1247,1221,1233,LW
Manhattan Rage,SHL,https://www.simulationhockey.com/showthread.php?tid=97959,S50,50, luca, veccelli,, l, symmetrik, nico hischier, 18," 5'10""", 184 lbs,,,,, 5, 10, 12, 15, 15, 11, 11, 16, 15, 11, 15, 9, 14, 16, 15, 15, 14, 16, 14, 14, 5, 5, 13,15,15,15,15,15,,,, 15,,,,,,,,993,981,986,C
Manhattan Rage,SHL,https://www.simulationhockey.com/showthread.php?tid=93034,S47,47, austin, roenick,, right, your mum, nikita kucherov, 58, 6ft 1in, 210 lbs, ireland,,,, 11, 16, 19, 14, 17, 19, 12, 19, 13, 9, 14, 9, 5, 17, 17, 15, 15, 18, 17, 13, 5, 5, 9,15,15,15,15,15,,,, 15,,,,,,,,1644,1619,1630,RW
Manhattan Rage,SHL,https://www.simulationhockey.com/showthread.php?tid=91689,S46,46, anastasia, o’koivu,, left,, rebecca johnston, 14, 5ft 11in, 165 lbs, russia, power forward,,, 0, 7, 12, 15, 16, 16, 10, 15, 15, 13, 16, 8, 5, 17, 14, 14, 15, 16, 15, 13, 5, 6, 12,15,15,15,15,15,,,, 16,,,,,,,,1065,1051,1051,RW
Manhattan Rage,SHL,https://www.simulationhockey.com/showthread.php?tid=91551,S46,46, david, vent,, right, off, bryan rust, 75, 6ft 6in, 265 lbs, czech republic,,,, 15, 5, 16, 16, 17, 12, 17, 17, 15, 11, 15, 15, 5, 16, 15, 15, 14, 15, 16, 15, 5, 9, 15,15,15,15,15,15,,,, 16,,,,,,,,1359,1330,1345,D
Manhattan Rage,SHL,https://www.simulationhockey.com/showthread.php?tid=91369,S46,46, andrej, doskočil,, left, reddit,, 3, 6ft 0in, 215 lbs, czech republic,,,, 106, 7, 12, 16, 16, 9, 12, 15, 17, 13, 15, 17, 5, 18, 15, 15, 17, 15, 17, 16, 5, 9, 15,15,15,15,15,15,,,, 17,,,,,,,,1529,1409,1515,D
Manhattan Rage,SHL,https://www.simulationhockey.com/showthread.php?tid=91239,S46,46, peter, larson,, left, acsolap, jannik hansen, 1, 6ft 3in, 200 lbs, denmark,,,, 13,,, 14, 14,,,,,,,,,,,,,,,,,8,,15,15,15,,15, 17, 17, 14, 19, 17, 19, 17, 18, 13, 18, 17,1426,1421,1434,G
Manhattan Rage,SHL,https://www.simulationhockey.com/showthread.php?tid=88938,S44,44, ola, wagstrom,, left, hfboards,, 66, 6ft 3in, 213 lbs, sweden,,,, 13, 15, 20, 15, 20, 20, 10, 20, 15, 10, 15, 8, 5, 15, 19, 16, 17, 19, 17, 14, 5, 5, 10,15,15,15,15,15,,,, 13,,,,,,,,2046,2019,2032,RW
Manhattan Rage,SHL,https://www.simulationhockey.com/showthread.php?tid=88634,S44,44, barret, mccarthy,, right,,, 27, 6ft 2in, 225 lbs, united states,,,, 24, 5, 16, 17, 17, 12, 15, 19, 16, 12, 15, 17, 5, 19, 16, 17, 16, 17, 17, 13, 5, 8, 13,15,15,15,15,15,,,, 17,,,,,,,,1764,1726,1750,D
Manhattan Rage,SHL,https://www.simulationhockey.com/showthread.php?tid=87409,S43,43, alex, winters,, left, caltroit_red_flames,, 17," 6'4""", 225," pardubice, czech republic", playmaker forward,,, 22, 17, 17, 15, 16, 17, 9, 18, 16, 11, 13, 12, 5, 17, 17, 16, 15, 15, 16, 13, 5, 6, 12,15,15,15,15,15,,,, 15,,,,,,,,1449,1413,1435,RW
Manhattan Rage,SHL,https://www.simulationhockey.com/showthread.php?tid=87210,S43,43, luke, thomason,, left, reddit,, 43, 6ft 0in, 185 lbs, czech republic,,,, 6, 13, 18, 17, 19, 18, 10, 19, 16, 10, 15, 9, 15, 17, 18, 16, 17, 17, 17, 14, 5, 5, 10,15,15,15,15,15,,,, 15,,,,,,,,1850,1848,1854,LW
Manhattan Rage,SHL,https://www.simulationhockey.com/showthread.php?tid=86919,S43,43, jax, aittokallio,, right, teztify,, 13," 6'1""", 208 lbs," edmonton, alberta, canada",,,, 26, 13, 17, 18, 18, 16, 10, 18, 17, 7, 15, 9, 14, 17, 17, 16, 16, 18, 17, 14, 5, 7, 12,15,15,15,15,15,,,, 17,,,,,,,,1784,1744,1770,C
Manhattan Rage,SHL,https://www.simulationhockey.com/showthread.php?tid=85695,S42,42, david, kastrba,, r,,, 8," 5'10""", 173, czechoslovakia,,,, 7, 10, 18, 17, 18, 17, 9, 17, 13, 13, 14, 8, 5, 16, 16, 16, 15, 17, 17, 11, 5, 7, 12,15,15,15,15,15,,,, 15,,,,,,,,1414,1393,1400,LW
Manhattan Rage,SHL,https://www.simulationhockey.com/showthread.php?tid=85528,S42,42, geoff, moore,, r, -,, 2," 6'3""", 206 lbs," trenton, nj, usa", two-way defenseman,,, 11, 5, 12, 16, 17, 12, 12, 17, 16, 15, 17, 16, 5, 18, 15, 16, 15, 16, 16, 13, 5, 5, 13,15,15,15,15,15,,,, 17,,,,,,,,1439,1414,1425,D
Manhattan Rage,SHL,https://www.simulationhockey.com/showthread.php?tid=84097,S41,41, reginald, macintyre,, left, ace,, 71," 6'5""", 250 lb," inverness, scotland, united kingdom",,,, 1, 10, 14, 14, 17, 10, 12, 13, 16, 16, 13, 15, 5, 17, 13, 12, 16, 14, 16, 17, 5, 10, 14,15,15,15,15,15,,,, 17,,,,,,,,1229,1193,1194,D
New England Wolfpack,SHL,https://www.simulationhockey.com/showthread.php?tid=101926,S53,53, frans, eller,, right,, freddy andersen, 31, 6ft 9in, 260 lbs, denmark, goalie,,, 19,,, 9, 10,,,,,,,,,,,,,,,,,8,,15,15,15,,15, 16, 16, 11, 17, 16, 17, 15, 17, 10, 12, 14,793,774,793,G
New England Wolfpack,SHL,https://www.simulationhockey.com/showthread.php?tid=101162,S52,52, sven, yxskaft,, left, reddit, oliver ekman-larsson, 5," 5'11""", 187 lbs, sweden, two-way defenseman,,, 4, 5, 13, 15, 16, 12, 15, 16, 15, 11, 15, 13, 5, 15, 14, 15, 15, 14, 15, 15, 5, 5, 12,15,15,15,15,15,,,, 15,,,,,,,,1004,986,990,D
New England Wolfpack,SHL,https://www.simulationhockey.com/showthread.php?tid=100039,S51,51, mike, hroch,, right, stamkosfan,, 82, 7ft 6in, 350 lbs, czech republic, goalie,,, 10,,, 13, 13,,,,,,,,,,,,,,,,,8,,15,15,15,,15, 15, 15, 13, 15, 13, 13, 15, 15, 10, 12, 11,531,521,531,G
New England Wolfpack,SHL,https://www.simulationhockey.com/showthread.php?tid=99718,S51,51, stan, hanson,, right,, steve hanson, 69, 6ft 0in, 200 lbs, united states, power forward,,, 2, 15, 13, 11, 13, 13, 9, 13, 15, 15, 13, 10, 13, 14, 12, 10, 15, 11, 13, 15, 9, 9, 14,15,15,15,15,15,,,, 11,,,,,,,,726,724,726,RW
New England Wolfpack,SHL,https://www.simulationhockey.com/showthread.php?tid=99625,S51,51, mitchell, van der heijden,, right, samee, kaapo kakko, 15, 6ft 1in, 205 lbs," alkmaar, netherlands", two-way forward,,, 10, 12, 15, 15, 15, 17, 10, 16, 15, 10, 13, 8, 15, 16, 15, 14, 15, 15, 16, 15, 5, 8, 10,15,15,15,15,15,,,, 13,,,,,,,,1101,1077,1087,C
New England Wolfpack,SHL,https://www.simulationhockey.com/showthread.php?tid=98110,S50,50, sasha, dangelchek,, right, reddit thread, patrik elias, 26, 6ft 3in, 220 lbs, czech republic, power forward,,, 9, 13, 14, 13, 15, 13, 8, 14, 15, 14, 13, 8, 5, 15, 12, 11, 14, 13, 13, 16, 5, 7, 10,15,15,15,15,15,,,, 13,,,,,,,,739,730,739,RW
New England Wolfpack,SHL,https://www.simulationhockey.com/showthread.php?tid=97199,S49,49, jakub, bruchevski,, right, stamkosfan, henrik zetterberg, 7," 6'2""", 215 lbs," st. petersburg, russia",,,, 17, 15, 16, 14, 16, 17, 10, 17, 15, 11, 14, 11, 15, 15, 15, 14, 15, 16, 14, 14, 5, 5, 8,15,15,15,15,15,,,, 14,,,,,,,,1187,1163,1180,C
New England Wolfpack,SHL,https://www.simulationhockey.com/showthread.php?tid=94173,S47,47, igor, volkov,, left, reddit, robin lehner, 57, 6ft 4in, 214 lbs, russia, defenseman,,, 7, 5, 13, 13, 16, 10, 13, 14, 17, 16, 15, 14, 5, 18, 13, 14, 16, 15, 14, 16, 5, 10, 13,15,15,15,15,15,,,, 17,,,,,,,,1209,1195,1202,D
New England Wolfpack,SHL,https://www.simulationhockey.com/showthread.php?tid=93313,S47,47, eko, van otter,, left, r/fantasyhockey, andre burakovsky, 13, 5ft 11in, 183 lbs, norway,,,, 0, 12, 19, 15, 18, 18, 11, 18, 17, 10, 16, 8, 8, 18, 17, 17, 17, 18, 16, 16, 5, 5, 9,15,15,15,15,15,,,, 16,,,,,,,,1859,1845,1845,LW
New England Wolfpack,SHL,https://www.simulationhockey.com/showthread.php?tid=93304,S47,47, slap, mcshotty,, right, reddit recruitment thread,, 84," 6' 4""", 220, united states,,,, 17, 16, 16, 18, 18, 14, 8, 18, 17, 10, 16, 8, 16, 17, 17, 17, 16, 16, 16, 16, 5, 5, 14,15,15,15,15,15,,,, 12,,,,,,,,1738,1707,1724,C
New England Wolfpack,SHL,https://www.simulationhockey.com/showthread.php?tid=91382,S46,46, perry, morgan,, left, reddit thread, josh mahura, 43, 6ft 2in, 250 lbs, united kingdom,,,, 2, 5, 15, 15, 17, 10, 14, 15, 18, 17, 17, 14, 5, 18, 15, 13, 18, 13, 15, 18, 10, 10, 11,15,15,15,15,15,,,, 15,,,,,,,,1509,1493,1495,D
New England Wolfpack,SHL,https://www.simulationhockey.com/showthread.php?tid=89864,S45,45, dominic, montgomery,, right, recreate, brock boeser, 74," 6'2""", 195 lb," st. clair shores, mi, usa",,,, 18, 5, 16, 17, 18, 12, 15, 17, 17, 13, 17, 15, 5, 18, 16, 16, 17, 15, 17, 15, 5, 5, 12,15,15,15,15,15,,,, 17,,,,,,,,1679,1647,1665,D
New England Wolfpack,SHL,https://www.simulationhockey.com/showthread.php?tid=88503,S44,44, rainbow, dash,, left, jasper clayton,, 20, 5ft 7in, 173 lbs, cloudsdale, two-way forward,,, 0, 6, 12, 14, 15, 13, 9, 15, 16, 13, 16, 6, 5, 17, 15, 14, 16, 14, 14, 12, 5, 6, 9,15,15,15,15,15,,,, 17,,,,,,,,970,963,963,LW
New England Wolfpack,SHL,https://www.simulationhockey.com/showthread.php?tid=87345,S43,43, maximilian, egger,, left, andrewwarren13,, 9," 6'0""", 205 lbs, austria, offensive defenseman,,, 5, 5, 15, 16, 16, 10, 14, 16, 16, 13,, 12, 5, 17, 13, 10, 16, 15, 14, 14, 5, 5, 7,15,15,15,15,15,,,, 15,,,,,,,,1037,0,5,D
New England Wolfpack,SHL,https://www.simulationhockey.com/showthread.php?tid=87464,S42,42, troy, mcclure iii,, l, incite hysteria,, 3, 6 8, 271, (note that your choice here determines which ihf team you will be eligible for. read the international recruiting subforum before choosing!) lány czechoslovakia, two-way defenseman,,, 1, 5, 13, 16, 15, 9, 12, 15, 17, 11, 16, 13, 5, 16, 12, 11, 16, 12, 15, 15, 5, 5, 9,15,15,15,15,15,,,, 16,,,,,,,,960,945,946,D
New England Wolfpack,SHL,https://www.simulationhockey.com/showthread.php?tid=85498,S42,42, rafe, ulrich,, r,,, 13," 6'7""", 220 lbs," longyearbyen, svalbard", power forward,,, 0, 12, 12, 13, 16, 10, 8, 14, 17, 11, 17, 6, 5, 17, 12, 11, 16, 15, 14, 15, 5, 5, 9,15,15,15,15,15,,,, 16,,,,,,,,957,950,950,LW
New England Wolfpack,SHL,https://www.simulationhockey.com/showthread.php?tid=83491,S40,40, shooter, mcgavin,, right, _,, 01," 6'2""", 190," new york, new york, usa", sniper,,, 0, 13, 16, 13, 15, 16, 10, 16, 13, 8, 12, 5, 6, 14, 15, 12, 14, 15, 14, 13, 5, 5, 9,15,15,15,15,15,,,, 13,,,,,,,,802,795,795,LW
Tampa Bay Barracuda,SHL,https://www.simulationhockey.com/showthread.php?tid=101095,S52,52, mega, tron,, left, who knows, tom wilson, 43, 6ft 4in, 215 lbs, austria, sniper forward,,, 6, 14, 14, 11, 11, 15, 10, 14, 13, 9, 11, 10, 6, 13, 10, 15, 13, 11, 15, 14, 5, 5, 9,15,15,15,15,15,,,, 13,,,,,,,,602,582,588,RW
Tampa Bay Barracuda,SHL,https://www.simulationhockey.com/showthread.php?tid=100099,S51,51, al, kayhall,, right,, jarret stoll, 91, 6ft 3in, 212 lbs, united states, playmaker forward,,, 0, 8, 16, 13, 16, 12, 8, 13, 13, 9, 13, 6, 5, 14, 14, 14, 14, 14, 14, 14, 5, 5, 8,15,15,15,15,15,,,, 10,,,,,,,,669,662,662,RW
Tampa Bay Barracuda,SHL,https://www.simulationhockey.com/showthread.php?tid=99091,S50,50, tobias, lindeman,, left, cleverpin, henrik lundqvist, 30, 6ft 4in, 225 lbs, sweden,,,, 1,,, 12, 9,,,,,,,,,,,,,,,,,8,,15,15,15,,15, 10, 10, 7, 13, 10, 11, 11, 12, 10, 12, 13,221,220,221,G
Tampa Bay Barracuda,SHL,https://www.simulationhockey.com/showthread.php?tid=98989,S50,50, michael, fitted,, left, ehm blueline,, 21, 5ft 8in, 175 lbs, finland, forward,,, 7, 8, 17, 16, 17, 16, 12, 18, 12, 5, 11, 5, 10, 13, 15, 16, 15, 15, 15, 15, 5, 5, 12,15,15,15,15,15,,,, 13,,,,,,,,1105,1084,1091,C
Tampa Bay Barracuda,SHL,https://www.simulationhockey.com/showthread.php?tid=98813,S50,50, flash, gordon,, left, nictox,, 69," 6' - 4""", 225 lbs, czech republic, defensive defenseman,,, 4, 5, 5, 10, 14, 5, 5, 6, 14,, 14, 14, 5, 15, 9, 9, 12, 9, 11, 12, 5, 5, 12,15,15,15,15,15,,,, 15,,,,,,,,429,0,4,D
Tampa Bay Barracuda,SHL,https://www.simulationhockey.com/showthread.php?tid=98179,S50,50, james, ronlain,, left,, hunter skinner, 37, 6'2, 205lbs," winchester, massachusetts, usa", sniper forward,,, 3, 13, 16, 10, 15, 15, 10, 18, 15, 13, 14, 9, 10, 15, 15, 15, 15, 14, 16, 15, 5, 7, 12,15,15,15,15,15,,,, 14,,,,,,,,1079,1062,1065,RW
Tampa Bay Barracuda,SHL,https://www.simulationhockey.com/showthread.php?tid=98178,S50,50, tom, fiddler,, right,,, 13, 6ft 2in, 210 lbs, united states, forward,,, 1, 5, 12, 16, 17, 13, 12, 17, 15, 11, 15, 10, 14, 17, 14, 14, 16, 14, 16, 14, 5, 5, 12,15,15,15,15,15,,,, 14,,,,,,,,1119,1104,1105,C
Tampa Bay Barracuda,SHL,https://www.simulationhockey.com/showthread.php?tid=97901,S50,50, jakob, hamr,, right, c9 van, ivan drago (rocky iv), 2, 6ft 5in, 250 lbs, czech republic, defensive defenseman,,, 13, 7, 9, 14, 15, 11, 12, 13, 15, 15, 15, 14, 5, 15, 14, 13, 13, 14, 16, 13, 5, 5, 11,15,15,15,15,15,,,, 15,,,,,,,,836,809,822,D
Tampa Bay Barracuda,SHL,https://www.simulationhockey.com/showthread.php?tid=97766,S50,50, kalevolaripaavo, käspertommevisnapuu,, right,,, 20, 6ft 4in, 210 lbs," maarja-magdaleena, estonia", sniper forward,,, 19, 14, 14, 10, 15, 15, 12, 15, 12, 12, 12, 12, 5, 12, 13, 12, 12, 13, 12, 12, 5, 9, 12,15,15,15,15,15,,,, 13,,,,,,,,682,641,660,RW
Tampa Bay Barracuda,SHL,https://www.simulationhockey.com/showthread.php?tid=96134,S49,49, anthony, archer,, right, torbvo, nolan patrick, 42, 6ft 2in, 182 lbs, canada,,,, 55, 10, 11, 16, 16, 11, 11, 16, 15, 10, 15, 5, 10, 15, 10, 10, 16, 14, 13, 5, 5, 5, 12,15,15,15,15,15,,,, 17,,,,,,,,907,836,891,LW
Tampa Bay Barracuda,SHL,https://www.simulationhockey.com/showthread.php?tid=93004,S47,47, miikka, salo,, l,,, 80, 6'3, 225,,,,, 4, 5, 5, 11, 12, 12, 11, 15, 5, 5, 15, 5, 5, 15, 10, 10, 10, 10, 12, 10, 5, 10, 13,15,15,15,15,15,,,, 15,,,,,,,,454,434,438,D
Tampa Bay Barracuda,SHL,https://www.simulationhockey.com/showthread.php?tid=92572,S46,46, taisei-tiikeri, wawazat,, left, reddit, william karlsson lv #71, 71, 6ft 1in, 200 lbs, finland, two-way forward,,, 0, 9, 6, 9, 9, 5, 5, 9, 9, 10, 9, 9, 5, 9, 9, 12, 12, 9, 11, 16, 17, 17, 15,15,15,15,15,15,,,, 9,,,,,,,,499,499,499,C
Tampa Bay Barracuda,SHL,https://www.simulationhockey.com/showthread.php?tid=91403,S46,46, johnny, sins,, right, reddit, lonny bohonos, 16, 6ft 2in, 200 lbs, ireland, offensive defenseman,,, 1, 13, 5, 10, 11, 5, 5, 11, 11, 13, 5, 5, 5, 13, 11, 11, 13, 11, 14, 13, 5, 5, 12,15,15,15,15,15,,,, 13,,,,,,,,355,347,348,D
Tampa Bay Barracuda,SHL,https://www.simulationhockey.com/showthread.php?tid=87505,S43,43, craig, finley,, right, monkey10pts,, 18, 6ft 1in, 210 lbs, united states, offensive defenseman,,, 3, 5, 10, 14, 15, 9, 10, 13, 16, 10, 14, 14, 5, 15, 13, 13, 14, 13, 14, 14, 5, 5, 10,15,15,15,15,15,,,, 13,,,,,,,,690,680,683,D
Tampa Bay Barracuda,SHL,https://www.simulationhockey.com/showthread.php?tid=85365,S42,42, herb, robert,, left, n/a,, 98," 6'2""", 213 lbs, canada, sniper,,, 3, 15, 14, 13, 15, 16, 9, 16, 15, 13, 13, 10, 6, 16, 13, 14, 15, 12, 16, 13, 5, 5, 13,15,15,15,15,15,,,, 13,,,,,,,,943,926,929,RW
Tampa Bay Barracuda,SHL,https://www.simulationhockey.com/showthread.php?tid=83875,S41,41, benjamin, blue,,,,, 82, 6 foot 6, 255," stockholm, sweden", hybrid goalie,,, 3,,, 15, 15,,,,,,,,,,,,,,,,,8,,15,15,15,,15, 15, 15, 15, 18, 15, 15, 15, 18, 15, 15, 17,1039,1036,1039,G
Tampa Bay Barracuda,SHL,https://www.simulationhockey.com/showthread.php?tid=80827,S39,39, liam, o'callaghan,, right,,, 3," 6'2""", 215lbs," kilkenny, ireland", offensive defenseman,,, 0, 5, 11, 14, 14, 9, 12, 14, 15, 8, 14, 14, 5, 15, 14, 13, 14, 13, 15, 13, 5, 5, 11,15,15,15,15,15,,,, 14,,,,,,,,708,694,694,D
Toronto North Stars,SHL,https://www.simulationhockey.com/showthread.php?tid=103094,S53,53, taylor, johansson,, right," dylanjj37, z0rem, pbe", paul kariya, 9, 6ft 0in, 195 lbs, sweden, playmaker forward,,, 2, 7, 13, 15, 15, 13, 7, 15, 14, 5, 15, 5, 12, 15, 14, 14, 14, 15, 13, 12, 5, 5, 7,15,15,15,15,15,,,, 11,,,,,,,,712,710,712,C
Toronto North Stars,SHL,https://www.simulationhockey.com/showthread.php?tid=102274,S53,53, jack, kanoff,, right, dylanjj37, tj oshie, 10, 5ft 11in, 183 lbs, canada,,,, 1, 5, 11, 14, 14, 11, 15, 15, 15, 11, 13, 10, 5, 13, 15, 16, 14, 15, 16, 14, 5, 5, 9,15,15,15,15,15,,,, 13,,,,,,,,817,803,804,D
Toronto North Stars,SHL,https://www.simulationhockey.com/showthread.php?tid=102222,S53,53, axel, meszaros,, right,, adam boqvist, 2, 6ft 1in, 198 lbs, hungary, two-way defenseman,,, 2, 5, 13, 13, 15, 9, 12, 13, 15, 13, 13, 14, 5, 15, 14, 12, 15, 13, 15, 14, 5, 11, 11,15,15,15,15,15,,,, 14,,,,,,,,762,746,748,D
Toronto North Stars,SHL,https://www.simulationhockey.com/showthread.php?tid=101396,S50,50, bobby, lane,, left,, patrick kane, 88," 5'11""", 183 lbs," east grand forks, mn, usa",,,, 30, 10, 18, 17, 17, 17, 10, 17, 15, 9, 14, 7, 7, 15, 16, 16, 16, 16, 15, 15, 5, 7, 11,15,15,15,15,15,,,, 13,,,,,,,,1339,1295,1325,RW
Toronto North Stars,SHL,https://www.simulationhockey.com/showthread.php?tid=101181,S52,52, danny, marston,, left,, tobias bjornfot, 34, 6ft 2in, 205 lbs, united states, playmaker forward,,, 28, 11, 15, 17, 15, 14, 8, 16, 13, 10, 13, 8, 12, 12, 14, 15, 14, 14, 14, 13, 7, 8, 13,15,15,15,15,15,,,, 13,,,,,,,,881,846,874,C
Toronto North Stars,SHL,https://www.simulationhockey.com/showthread.php?tid=101164,S52,52, rhys, pritchard,, right, reddit,, 14," 6'2""", 215 lbs," markum, wales, uk", offensive forward,,, 4, 14, 15, 16, 15, 15, 8, 15, 15, 13, 14, 8, 9, 16, 14, 14, 13, 14, 16, 14, 6, 6, 9,15,15,15,15,15,,,, 14,,,,,,,,974,956,960,RW
Toronto North Stars,SHL,https://www.simulationhockey.com/showthread.php?tid=101013,S52,52, keith, lee,, l, myself, keith lee, 1," 6'4""", 225, dreamland (unassigned), forward,,, 5, 7, 14, 15, 15, 15, 11, 16, 14, 5, 14, 7, 14, 14, 15, 15, 15, 15, 15, 15, 5, 5, 10,15,15,15,15,15,,,, 15,,,,,,,,962,943,948,C
Toronto North Stars,SHL,https://www.simulationhockey.com/showthread.php?tid=99619,S51,51, ruslan, zaporozhets,, right, recreate, ruslan fedotenko, 18, 6ft 1in, 200 lbs," zaporizhzhya, ukraine", sniper forward,,, 19, 15, 15, 14, 15, 15, 8, 15, 15, 13, 13, 8, 7, 13, 14, 15, 15, 15, 15, 15, 9, 10, 13,15,15,15,15,15,,,, 15,,,,,,,,996,963,982,LW
Toronto North Stars,SHL,https://www.simulationhockey.com/showthread.php?tid=100021,S50,50, first-name, last-name,, right, reddit- r/hockey,, 29, 6ft 0in, 200 lbs, canada, offensive forward,,, 31, 13, 16, 12, 16, 15, 9, 14, 14, 5, 13, 5, 14, 13, 15, 13, 14, 15, 14, 13, 5, 5, 12,15,15,15,15,15,,,, 12,,,,,,,,848,810,841,C
Toronto North Stars,SHL,https://www.simulationhockey.com/showthread.php?tid=98293,S50,50, daniel, kuster,, right,,, 13, 6ft 1in, 198 lbs, switzerland,,,, 49, 5, 14, 15, 14, 10, 13, 14, 12, 8, 12, 13, 5, 13, 14, 14, 12, 12, 13, 10, 5, 5, 13,15,15,15,15,15,,,, 13,,,,,,,,644,595,644,D
Toronto North Stars,SHL,https://www.simulationhockey.com/showthread.php?tid=98269,S50,50, ursin, zimmermann,, left, reddit,, 21, 6ft 3in, 200 lbs, switzerland, offensive defenseman,,, 6, 5, 14, 16, 16, 8, 14, 16, 16, 8, 15, 13, 5, 15, 15, 15, 15, 15, 16, 15, 5, 8, 14,15,15,15,15,15,,,, 15,,,,,,,,1106,1086,1092,D
Toronto North Stars,SHL,https://www.simulationhockey.com/showthread.php?tid=98143,S50,50, monty, montgomery,, left,, jonathan quick, 59, 6ft 1in, 205 lbs, united states, hybrid goalie,,, 0,,, 6, 8,,,,,,,,,,,,,,,,,8,,15,15,15,,15, 11, 11, 8, 12, 11, 11, 11, 12, 8, 11, 11,173,173,173,G
Toronto North Stars,SHL,https://www.simulationhockey.com/showthread.php?tid=97301,S49,49, cal, clucker,, left,,, 27, 6ft 1in, 200 lbs, united states,,,, 28, 5, 8, 12, 14, 8, 9, 11, 13, 9, 14, 15, 5, 15, 12, 11, 15, 12, 13, 13, 5, 5, 12,15,15,15,15,15,,,, 15,,,,,,,,598,570,598,D
Toronto North Stars,SHL,https://www.simulationhockey.com/showthread.php?tid=95182,S48,48, mika, kandinsky,, right, r/devils, pavel zacha, 77, 6ft 1in, 220 lbs, russia,,,, 17, 12, 17, 17, 18, 15, 7, 19, 16, 10, 16, 10, 14, 18, 15, 15, 17, 15, 15, 14, 5, 5, 12,15,15,15,15,15,,,, 16,,,,,,,,1570,1539,1556,C
Toronto North Stars,SHL,https://www.simulationhockey.com/showthread.php?tid=93296,S47,47, harry, carpet,, right, reddit,, 48," 6'3""", 208 lbs," turku, finland", hybrid goalie,,, 2,,, 14, 13,,,,,,,,,,,,,,,,,8,,15,15,15,,15, 19, 19, 14, 19, 18, 19, 18, 19, 14, 18, 18,1743,1741,1743,G
Toronto North Stars,SHL,https://www.simulationhockey.com/showthread.php?tid=92727,S47,47, khan, smeb,, right,,, 4, 5ft 10in, 174 lbs, south korea, offensive defenseman,,, 0, 5, 13, 13, 14, 5, 13, 12, 15, 12, 13, 12, 5, 14, 13, 12, 14, 12, 13, 13, 5, 8, 9,15,15,15,15,15,,,, 14,,,,,,,,588,588,588,D
Toronto North Stars,SHL,https://www.simulationhockey.com/showthread.php?tid=92665,S47,47, filip, zadina,, right,, filip zadina, 11, 6ft 0in, 196 lbs, czech republic, offensive forward,,, 10, 14, 17, 13, 16, 17, 8, 16, 14, 5, 14, 6, 5, 14, 14, 15, 14, 14, 15, 12, 5, 5, 10,15,15,15,15,15,,,, 12,,,,,,,,941,917,927,RW
Baltimore Platoon,SHL,https://www.simulationhockey.com/showthread.php?tid=101018,S52,52, sabo, tage,, right,, moritz seider, 23, 6ft 4in, 205 lbs, canada,,,, 12, 5, 10, 15, 13, 12, 12, 14, 16, 10, 15, 15, 5, 17, 12, 12, 14, 14, 14, 10, 5, 5, 11,15,15,15,15,15,,,, 15,,,,,,,,808,789,801,D
Baltimore Platoon,SHL,https://www.simulationhockey.com/showthread.php?tid=100670,S52,52, simothy, drunkebird,, left, me, paul byron, 41, 5ft 6in, 183 lbs, czech republic, power forward,,, 1, 10, 12, 13, 14, 11, 7, 14, 14, 10, 13, 10, 12, 15, 12, 11, 13, 13, 14, 12, 5, 8, 13,15,15,15,15,15,,,, 13,,,,,,,,594,586,587,C
Baltimore Platoon,SHL,https://www.simulationhockey.com/showthread.php?tid=99966,S51,51, henrik, lundqvist jr.,, left, stamkosfan, henrik lundqvist, 30, 6ft 2in, 210 lbs, sweden, playmaker forward,,, 3, 10, 13, 15, 15, 10, 9, 13, 15, 10, 14, 10, 14, 15, 14, 12, 15, 15, 13, 12, 5, 5, 9,15,15,15,15,15,,,, 14,,,,,,,,747,744,747,C
Baltimore Platoon,SHL,https://www.simulationhockey.com/showthread.php?tid=99630,S51,51, luca, del vecchio,, left, -,, 1, 6ft 0in, 201 lbs, italy,,,, 36,,, 10, 11,,,,,,,,,,,,,,,,,8,,15,15,15,,15, 16, 17, 13, 19, 17, 17, 16, 17, 13, 16, 16,1115,1079,1115,G
Baltimore Platoon,SHL,https://www.simulationhockey.com/showthread.php?tid=101493,S51,51, danila, zhernov,, right, karl, jonathan toews, 9, 6ft 3in, 220 lbs, ukraine,,,, 12, 5, 5, 12, 11, 7, 10, 10, 14, 11, 13, 13, 5, 15, 13, 11, 13, 12, 12, 11, 5, 7, 10,15,15,15,15,15,,,, 15,,,,,,,,484,456,468,D
Baltimore Platoon,SHL,https://www.simulationhockey.com/showthread.php?tid=99365,S51,51, indigo, trevino,, right, sim crack, kyle lowry but with skates, 7, 5ft 10in, 220 lbs, latvia, power forward,,, 5, 15, 15, 11, 15, 15, 7, 15, 13, 11, 13, 8, 8, 13, 14, 12, 11, 15, 11, 11, 5, 5, 10,15,15,15,15,15,,,, 13,,,,,,,,661,656,661,RW
Baltimore Platoon,SHL,https://www.simulationhockey.com/showthread.php?tid=98313,S50,50, karl, krashwagen,, right, reddit,, 53, 6ft 3in, 210 lbs, germany,,,, 4, 15, 15, 13, 15, 18, 8, 16, 15, 15, 15, 11, 9, 15, 15, 13, 16, 16, 15, 16, 5, 5, 13,15,15,15,15,15,,,, 13,,,,,,,,1200,1182,1186,RW
Baltimore Platoon,SHL,https://www.simulationhockey.com/showthread.php?tid=98342,S50,50, jack, wilson,, right, reddit, charlie mcavoy, 55, 6ft 1in, 210 lbs, ireland,,,, 0, 7, 10, 13, 13, 11, 10, 13, 14, 10, 15, 14, 5, 15, 12, 12, 12, 13, 13, 12, 5, 5, 12,15,15,15,15,15,,,, 15,,,,,,,,595,595,595,D
Baltimore Platoon,SHL,https://www.simulationhockey.com/showthread.php?tid=97400,S49,49, marques, brownlee,, right,, marques brownlee, 88, 6ft 3in, 160 lbs, united states, stand-up goalie,,, 0,,, 8, 7,,,,,,,,,,,,,,,,,8,,15,15,15,,15, 14, 14, 5, 12, 11, 13, 13, 13, 8, 10, 7,253,253,253,G
Baltimore Platoon,SHL,https://www.simulationhockey.com/showthread.php?tid=96656,S49,49, delver, fudgeson,, right,,, 22, 6ft 3in, 200 lbs, canada,,,, 1, 5, 12, 15, 16, 12, 15, 17, 15, 7, 16, 14, 5, 17, 15, 15, 14, 15, 16, 13, 5, 5, 11,15,15,15,15,15,,,, 15,,,,,,,,1096,1081,1082,D
Baltimore Platoon,SHL,https://www.simulationhockey.com/showthread.php?tid=96598,S49,49, derek, bohne jr.,, left,,, 29, 6ft 4in, 225 lbs, united states, two-way defenseman,,, 14, 5, 7, 13, 14, 6, 11, 12, 15, 12, 15, 15, 5, 16, 12, 13, 13, 14, 15, 15, 6, 5, 11,15,15,15,15,15,,,, 15,,,,,,,,755,727,741,D
Baltimore Platoon,SHL,https://www.simulationhockey.com/showthread.php?tid=91447,S46,46, kristoffer, svensson,, right,, peter forsberg, 2," 6'2""", 195 lbs," luleå, sweden", playmaker forward,,, 0, 13, 13, 13, 16, 13, 9, 14, 15, 10, 16, 10, 13, 16, 15, 13, 15, 15, 15, 13, 5, 6, 10,15,15,15,15,15,,,, 15,,,,,,,,928,914,914,C
Baltimore Platoon,SHL,https://www.simulationhockey.com/showthread.php?tid=91420,S46,46, petr, mikulak,, right, reddit, tomas nosek, 92, 6ft 2in, 178 lbs, czech republic, sniper forward,,, 3, 8, 15, 13, 15, 17, 10, 17, 15, 10, 13, 10, 10, 15, 16, 16, 15, 17, 15, 12, 5, 5, 10,15,15,15,15,15,,,, 15,,,,,,,,1078,1061,1064,RW
Baltimore Platoon,SHL,https://www.simulationhockey.com/showthread.php?tid=90186,S45,45, nickolas, klaus,, left, jepox, jordan eberle, 9, 6ft 11in, 300 lbs, norway, offensive forward,,, 1, 13, 16, 14, 16, 17, 8, 17, 14, 11, 13, 9, 16, 16, 14, 14, 15, 14, 15, 15, 5, 5, 9,15,15,15,15,15,,,, 14,,,,,,,,1121,1106,1107,C
Baltimore Platoon,SHL,https://www.simulationhockey.com/showthread.php?tid=89947,S45,45, nat, emerson,, left, reddit,, 34, 6ft 4in, 250 lbs, united states, defensive defenseman,,, 0, 8, 13, 16, 15, 12, 14, 16, 18, 16, 18, 16, 5, 18, 15, 15, 16, 16, 18, 15, 5, 5, 14,15,15,15,15,15,,,, 17,,,,,,,,1628,1614,1614,D
Baltimore Platoon,SHL,https://www.simulationhockey.com/showthread.php?tid=88574,S44,44, brock, nuck,, right,,, 46," 6'2""", 225 lbs, latvia, two-way forward,,, 2, 10, 17, 13, 15, 16, 12, 17, 14, 13, 13, 9, 10, 14, 16, 14, 14, 16, 16, 13, 5, 7, 12,15,15,15,15,15,,,, 13,,,,,,,,1046,1030,1032,RW
Baltimore Platoon,SHL,https://www.simulationhockey.com/showthread.php?tid=84262,S41,41, dayymo, ralchankinov,, right, schmidt back in 2015 lel,, 14," 6""3", 194, moscow russia, offensive forward,,, 0, 9, 12, 15, 16, 10, 8, 15, 15, 10, 15, 8, 8, 15, 14, 13, 15, 14, 13, 12, 5, 5, 7,15,15,15,15,15,,,, 15,,,,,,,,753,753,753,C
Calgary Dragons,SHL,https://www.simulationhockey.com/showthread.php?tid=100061,S51,51, elle, rush,, right, secondsucks22, sarah nurse, 13, 5ft 5in, 150 lbs, canada, stand-up goalie,,, 0,,, 9, 8,,,,,,,,,,,,,,,,,8,,15,15,15,,15, 11, 11, 9, 14, 12, 12, 11, 14, 9, 9, 9,224,224,224,G
Calgary Dragons,SHL,https://www.simulationhockey.com/showthread.php?tid=98376,S50,50, alexei, rykov,, right, achisling, anatoly golyshev, 13, 6ft 3in, 205 lbs, russia, sniper forward,,, 9, 12, 16, 12, 14, 18, 8, 17, 10, 10, 9, 5, 5, 12, 15, 15, 15, 15, 15, 14, 5, 5, 10,15,15,15,15,15,,,, 11,,,,,,,,895,856,865,LW
Calgary Dragons,SHL,https://www.simulationhockey.com/showthread.php?tid=98226,S50,50, joseph, weston,, left, reddit,, 24, 6ft 1in, 202 lbs, united states, sniper forward,,, 0, 11, 17, 13, 14, 16, 10, 17, 14, 12, 12, 12, 5, 16, 16, 14, 15, 15, 15, 14, 5, 5, 7,15,15,15,15,15,,,, 14,,,,,,,,1023,1009,1009,LW
Calgary Dragons,SHL,https://www.simulationhockey.com/showthread.php?tid=94521,S48,48, atlas, rush,, right,, tom wilson, 44, 6ft 4in, 225 lbs, canada, power forward,,, 13, 14, 15, 13, 14, 15, 8, 14, 15, 16, 12, 8, 5, 14, 14, 13, 15, 15, 15, 16, 6, 10, 14,15,15,15,15,15,,,, 13,,,,,,,,981,938,951,RW
Calgary Dragons,SHL,https://www.simulationhockey.com/showthread.php?tid=93257,S47,47, esa, parmborg,, left, o4l, aleksander barkov, 77," 7'0""", 350 lbs," hella, iceland", two-way forward,,, 0, 14, 17, 17, 17, 16, 10, 18, 17, 13, 17, 12, 15, 17, 17, 16, 16, 17, 17, 16, 5, 7, 13,15,15,15,15,15,,,, 16,,,,,,,,1789,1775,1775,C
Calgary Dragons,SHL,https://www.simulationhockey.com/showthread.php?tid=92417,S46,46, oliver, klozoff,, right, re-create, sean william scott, 7, 6’1”, 220," dikson, russia", two-way defenseman,,, 14, 5, 11, 15, 15, 5, 12, 13, 16, 13, 16, 16, 5, 17, 14, 14, 16, 15, 16, 15, 5, 5, 12,15,15,15,15,15,,,, 16,,,,,,,,1102,1074,1088,D
Calgary Dragons,SHL,https://www.simulationhockey.com/showthread.php?tid=91509,S46,46, brennan, kennedy jr,, left, reddit,, 16," 6'4""", 235," vienna, austria", offensive defenseman,,, 29, 6, 15, 19, 18, 12, 16, 19, 17, 12, 17, 16, 5, 18, 16, 16, 16, 17, 17, 16, 5, 9, 15,15,15,15,15,15,,,, 16,,,,,,,,1937,1894,1923,D
Calgary Dragons,SHL,https://www.simulationhockey.com/showthread.php?tid=91515,S46,46, barry, batsbak,, right, reddit, evgeny kuznetsov, 92, 6ft 2in, 204 lbs, canada, playmaker forward,,, 16, 15, 15, 20, 19, 17, 10, 20, 15, 11, 14, 11, 17, 16, 17, 17, 16, 17, 16, 16, 5, 7, 10,15,15,15,15,15,,,, 15,,,,,,,,1915,1885,1901,C
Calgary Dragons,SHL,https://www.simulationhockey.com/showthread.php?tid=91279,S46,46, chico, smeb,, right, xdpark,, 9, 6'8, 220, korea, two-way defenceman,,, 0, 10, 17, 16, 16, 12, 18, 17, 13, 12, 14, 14, 5, 15, 15, 15, 14, 15, 16, 14, 5, 5, 13,15,15,15,15,15,,,, 15,,,,,,,,1258,1228,1228,D
Calgary Dragons,SHL,https://www.simulationhockey.com/showthread.php?tid=91425,S46,46, bernik, vrzala,, right, /u/achisling on /r/hockey reddit, jaromir jagr, 16," 6' 2""", 210lbs," kladno, czech republic", defensive defenseman,,, 15, 8, 12, 14, 15, 8, 14, 13, 16, 12, 15, 16, 5, 17, 17, 15, 15, 16, 16, 14, 5, 5, 12,15,15,15,15,15,,,, 16,,,,,,,,1159,1130,1145,D
Calgary Dragons,SHL,https://www.simulationhockey.com/showthread.php?tid=89850,S45,45,  leopold,  lockhart,,  left,  recreate,  brett howden, 27," 6'1""", 182 lbs," concord, ma",,,, 22, 11, 16, 18, 18, 12, 15, 17, 17, 13, 16, 15, 5, 18, 16, 16, 17, 17, 17, 15, 5, 5, 15,15,15,15,15,15,,,, 17,,,,,,,,1802,1766,1788,D
Calgary Dragons,SHL,https://www.simulationhockey.com/showthread.php?tid=89590,S45,45, maxime, bouchard,, left," samee, jss, geck", claude giroux, 5, 5ft 11in, 190 lbs, canada, playmaker forward,,, 37, 12, 18, 18, 19, 18, 10, 19, 15, 13, 15, 11, 10, 17, 16, 17, 15, 16, 17, 15, 8, 8, 14,15,15,15,15,15,,,, 16,,,,,,,,1855,1804,1841,RW
Calgary Dragons,SHL,https://www.simulationhockey.com/showthread.php?tid=88120,S44,44, mikael, choybuk,, r,,, 5," 6'2""", 195 lbs, canada, offensive forward,,, 6, 13, 18, 15, 17, 19, 10, 18, 13, 5, 12, 10, 5, 14, 15, 15, 14, 18, 16, 14, 5, 5, 12,15,15,15,15,15,,,, 12,,,,,,,,1322,1302,1308,LW
Calgary Dragons,SHL,https://www.simulationhockey.com/showthread.php?tid=86997,S43,43, nicky, pedersen jr.,, right, steelhead77,, 9, 6'4, 230," ridgebury, ct", two-way forward,,, 0, 13, 16, 15, 16, 17, 10, 16, 16, 12, 15, 10, 14, 16, 15, 14, 16, 16, 16, 15, 5, 5, 11,15,15,15,15,15,,,, 15,,,,,,,,1290,1276,1276,LW
Calgary Dragons,SHL,https://www.simulationhockey.com/showthread.php?tid=84275,S41,41,kata, vilde,, left, steelhead77,, 1," 6'3""", 215," marstrand, sweden", butterfly goalie,,, 35,,, 9, 9,,,,,,,,,,,,,,,,,8,,15,15,15,,15, 18, 18, 9, 20, 17, 18, 18, 20, 9, 18, 18,1545,1512,1547,G
Calgary Dragons,SHL,https://www.simulationhockey.com/showthread.php?tid=82878,S40,40, otis b.,  driftwood,, right, the gorgeous ladies of wrestling,, 33," 6'3""", 245," queens, n.y.", two-way defenseman,,, 0, 6, 12, 15, 15, 10, 13, 14, 16, 14, 15, 16, 5, 18, 15, 12, 17, 16, 17, 16, 5, 5, 12,15,15,15,15,15,,,, 18,,,,,,,,1318,1304,1304,D
Calgary Dragons,SHL,https://www.simulationhockey.com/showthread.php?tid=81364,S39,39, anders, christiansen,, right, reddit,, 93, 6'1', 195," bergen, norway", two-way forward,,, 20, 12, 15, 17, 16, 15, 10, 17, 16, 12, 14, 12, 9, 17, 14, 14, 16, 16, 15, 14, 5, 8, 12,15,15,15,15,15,,,, 15,,,,,,,,1235,1207,1227,C
Calgary Dragons,SHL,https://www.simulationhockey.com/showthread.php?tid=73983,S35,35, mike, izzy,, right, steelhead77,, 19, 6 feet 0 inches, 228," whitby, ontario", two-way forward,,, 9, 13, 16, 15, 16, 16, 9, 17, 16, 14, 14, 12, 5, 15, 14, 14, 15, 15, 16, 16, 5, 5, 10,15,15,15,15,15,,,, 15,,,,,,,,1198,1175,1184,LW
Edmonton Blizzard,SHL,https://www.simulationhockey.com/showthread.php?tid=97455,S49,49, jean-paul, boivin,, right, reddit, brad malone, 67," 6'3""", 200 lbs," toronto, canada", power forward,,, 20, 14, 17, 15, 17, 17, 12, 16, 16, 12, 15, 10, 5, 16, 14, 14, 15, 14, 15, 16, 10, 5, 8,15,15,15,15,15,,,, 15,,,,,,,,1260,1226,1246,LW
Edmonton Blizzard,SHL,https://www.simulationhockey.com/showthread.php?tid=97341,S49,49, fr, finn-rhys,, left, jepox,, 78, 6ft 2in, 217 lbs, switzerland, two-way defenseman,,, 8, 5, 16, 15, 15, 12, 16, 17, 16, 13, 16, 16, 5, 17, 14, 15, 17, 15, 17, 15, 5, 5, 11,15,15,15,15,15,,,, 17,,,,,,,,1416,1394,1402,D
Edmonton Blizzard,SHL,https://www.simulationhockey.com/showthread.php?tid=96441,S49,49, conor, tanner,, right, @beaver, jack eichel, 13, 6ft 7in, 270 lbs, the moon,,,, 22, 5, 14, 16, 15, 12, 15, 15, 16, 10, 15, 15, 5, 16, 15, 15, 16, 15, 16, 16, 5, 5, 7,15,15,15,15,15,,,, 15,,,,,,,,1170,1134,1156,D
Edmonton Blizzard,SHL,https://www.simulationhockey.com/showthread.php?tid=96073,S49,49, bo, kane,, right,, william nylander, 2, 5ft 9in, 195 lbs, canada,,,, 13, 15, 17, 15, 16, 19, 12, 17, 15, 9, 15, 7, 14, 16, 15, 14, 15, 16, 17, 15, 5, 8, 12,15,15,15,15,15,,,, 15,,,,,,,,1436,1409,1422,C
Edmonton Blizzard,SHL,https://www.simulationhockey.com/showthread.php?tid=96010,S48,48, emiko, spector,, right, sdcore, emerance maschmeyer, 34,  6ft 5in, 190 lbs, japan, hybrid goalie,,, 3,,, 15, 14,,,,,,,,,,,,,,,,,8,,15,15,15,,15, 17, 17, 15, 16, 17, 17, 16, 17, 16, 15, 17,1169,1166,1169,G
Edmonton Blizzard,SHL,https://www.simulationhockey.com/showthread.php?tid=95576,S48,48, jon, forty-one,, right,, john wick, 41, 6ft 1in, 190 lbs," aberystwyth, wales, united kingdom", offensive forward,,, 23, 5, 17, 17, 20, 15, 11, 17, 16, 9, 15, 9, 15, 16, 15, 15, 17, 15, 16, 16, 5, 5, 7,15,15,15,15,15,,,, 15,,,,,,,,1499,1462,1485,RW
Edmonton Blizzard,SHL,https://www.simulationhockey.com/showthread.php?tid=95468,S48,48, barrett, blackwood,, left, slashacm, jared mccann, 22, 6'1, 190, united states, sniper forward,,, 15, 5, 18, 15, 17, 17, 12, 17, 15, 8, 15, 12, 5, 15, 15, 15, 16, 15, 16, 15, 5, 5, 10,15,15,15,15,15,,,, 15,,,,,,,,1282,1253,1268,RW
Edmonton Blizzard,SHL,https://www.simulationhockey.com/showthread.php?tid=94031,S47,47, theo, morgan,, left, wasty, mikko rantanen, 96, 6ft 2in, 210 lbs, canada, sniper forward,,, 1, 16, 20, 15, 18, 19, 8, 18, 16, 11, 15, 5, 5, 16, 17, 14, 16, 17, 16, 16, 5, 6, 12,15,15,15,15,15,,,, 15,,,,,,,,1737,1722,1723,RW
Edmonton Blizzard,SHL,https://www.simulationhockey.com/showthread.php?tid=93299,S47,47, julio, tokolosh,, right, achisling, a cow, 13," 5' 6""", 185, united states, offensive forward,,, 11, 5, 19, 15, 19, 20, 12, 20, 17, 9, 16, 9, 5, 17, 15, 15, 17, 15, 16, 16, 5, 5, 6,15,15,15,15,15,,,, 16,,,,,,,,1812,1787,1798,RW
Edmonton Blizzard,SHL,https://www.simulationhockey.com/showthread.php?tid=92158,S46,46, eddy, ask jr.,, left, chris-mczehrl, henrik lundqvist, 30, 6'0'', 170," gävle, sweden", butterfly goalie,,, 4,,, 8, 10,,,,,,,,,,,,,,,,,8,,15,15,15,,15, 14, 14, 13, 15, 13, 13, 14, 15, 9, 14, 15,495,491,495,G
Edmonton Blizzard,SHL,https://www.simulationhockey.com/showthread.php?tid=91337,S46,46, james, truong,, right,,, 31, 5'9, 200 lbs, canada, playmaker forward,,, 43, 5, 19, 15, 19, 17, 12, 17, 15, 5, 15, 10, 5, 15, 15, 15, 17, 15, 15, 17, 5, 5, 7,15,15,15,15,15,,,, 15,,,,,,,,1454,1397,1440,RW
Edmonton Blizzard,SHL,https://www.simulationhockey.com/showthread.php?tid=91194,S46,46, karlstraße, scholz,, left,, thomas chabot, 65, 6ft 2in, 220 lbs," echternach, luxembourg", offensive defenseman,,, 26, 5, 20, 17, 18, 12, 18, 18, 17, 15, 17, 12, 5, 17, 15, 15, 17, 15, 17, 17, 5, 5, 14,15,15,15,15,15,,,, 17,,,,,,,,1937,1897,1923,D
Edmonton Blizzard,SHL,https://www.simulationhockey.com/showthread.php?tid=89512,S45,45, hiro, fujikawa,, right,, kailer yamamoto, 88, 6ft 1in, 200 lbs," fukuoka, japan", sniper forward,,, 9, 9, 17, 16, 17, 18, 8, 17, 12, 12, 14, 7, 5, 14, 15, 15, 17, 15, 17, 14, 5, 7, 10,15,15,15,15,15,,,, 14,,,,,,,,1239,1216,1225,RW
Edmonton Blizzard,SHL,https://www.simulationhockey.com/showthread.php?tid=88659,S43,43, tony, pepperoni,, left, re-creation,, 16, 6ft 5in, 229 lbs, canada, two way forward,,, 2, 11, 17, 18, 19, 17, 12, 18, 17, 11, 17, 11, 15, 17, 15, 15, 17, 15, 18, 17, 5, 5, 9,15,15,15,15,15,,,, 17,,,,,,,,1856,1840,1842,C
Edmonton Blizzard,SHL,https://www.simulationhockey.com/showthread.php?tid=81110,S39,39, brady, mcintyre,, left, /r/hockey,, 10," 6'4""", 220," grand haven, michigan", two-way defenseman,,, 27, 5, 17, 17, 17, 12, 15, 18, 17, 10, 15, 15, 5, 18, 16, 15, 15, 15, 17, 15, 5, 5, 13,15,15,15,15,15,,,, 15,,,,,,,,1525,1484,1511,D
Edmonton Blizzard,SHL,https://www.simulationhockey.com/showthread.php?tid=81080,S39,39, jon, toner,, left, reddit,, 3, 6'1, 200," killarney, ireland", two-way defenseman,,, 34, 5, 13, 15, 17, 10, 15, 15, 16, 12, 15, 12, 5, 18, 14, 14, 17, 14, 15, 16, 5, 8, 12,15,15,15,15,15,,,, 16,,,,,,,,1225,1177,1211,D
Edmonton Blizzard,SHL,https://www.simulationhockey.com/showthread.php?tid=78450,S37,37, tor, tuck,, right, steelhead77,,19,"5'10""", 210," oslo, norway", two-way defenseman,,, 0, 5, 15, 15, 15, 12, 15, 15, 16, 12, 15, 15, 5, 16, 14, 15, 16, 14, 16, 16, 5, 5, 7,15,15,15,15,15,,,, 15,,,,,,,,1121,1107,1107,D
Los Angeles Panthers,SHL,https://www.simulationhockey.com/showthread.php?tid=99831,S51,51, kenny, creller,, left, recreate, rourke chartier, 66, 6'3,210," kilkenny, ireland", two-way forward,,, 30, 5, 11, 16, 17, 12, 7, 15, 14, 8, 14, 6, 15, 15, 15, 15, 16, 14, 14, 16, 5, 7, 13,15,15,15,15,15,,,, 12,,,,,,,,997,953,983,LW
Los Angeles Panthers,SHL,https://www.simulationhockey.com/showthread.php?tid=98207,S50,50, daniel, bischoff,, right,,, 34, 6ft 1in, 174 lbs, switzerland,,,, 0, 9, 15, 15, 15, 15, 11, 15, 16, 7, 14, 9, 5, 15, 13, 13, 15, 13, 15, 15, 5, 5, 7,15,15,15,15,15,,,, 15,,,,,,,,866,852,852,C
Los Angeles Panthers,SHL,https://www.simulationhockey.com/showthread.php?tid=98276,S50,50, ricky, bobby,, right, reddit, will ferrell, 11, 6ft 3in, 185 lbs, united states, sniper forward,,, 0, 11, 11, 13, 13, 12, 8, 14, 15, 10, 15, 10, 5, 14, 11, 11, 14, 11, 14, 14, 5, 5, 10,15,15,15,15,15,,,, 14,,,,,,,,595,588,588,LW
Los Angeles Panthers,SHL,https://www.simulationhockey.com/showthread.php?tid=98057,S50,50, vorian, atreides,, right, ace, gabriel landeskog, 92, 6ft 3in, 239 lbs, united kingdom, two-way forward,,, 29, 10, 13, 18, 18, 15, 9, 16, 14, 9, 15, 8, 16, 15, 15, 15, 16, 15, 16, 16, 5, 5, 10,15,15,15,15,15,,,, 13,,,,,,,,1273,1230,1259,C
Los Angeles Panthers,SHL,https://www.simulationhockey.com/showthread.php?tid=99868,S50,50, disisde, dayudie,, right,, adam larsson, 6, 6ft 3in, 209 lbs, japan, two-way defenseman,,, 23, 5, 17, 16, 16, 11, 14, 16, 15, 10, 15, 13, 5, 17, 14, 15, 16, 15, 15, 16, 5, 9, 12,15,15,15,15,15,,,, 16,,,,,,,,1246,1209,1232,D
Los Angeles Panthers,SHL,https://www.simulationhockey.com/showthread.php?tid=96550,S49,49, nolan, mcmahon,, left,, mackenzie blackwood, 29, 6ft 4in, 210 lbs, switzerland, hybrid goalie,,, 18,,, 9, 10,,,,,,,,,,,,,,,,,8,,15,15,15,,15, 15, 15, 10, 17, 18, 17, 15, 15, 8, 15, 15,798,780,798,G
Los Angeles Panthers,SHL,https://www.simulationhockey.com/showthread.php?tid=96252,S49,49, knox, booth,, right, marley, jose theodore, 60, 6ft 5in, 215 lbs, canada, butterfly goalie,,, 26,,, 12, 12,,,,,,,,,,,,,,,,,8,,15,15,15,,15, 17, 17, 15, 18, 17, 18, 17, 20, 12, 18, 16,1383,1357,1383,G
Los Angeles Panthers,SHL,https://www.simulationhockey.com/showthread.php?tid=96079,S49,49, elijah, jones,, left,, pk subban, 33, 6ft 0 in, 190 lbs, mexico, offensive forward,,, 13, 17, 20, 14, 17, 20, 7, 17, 13, 10, 8, 6, 8, 15, 14, 16, 17, 14, 16, 16, 5, 6, 13,15,15,15,15,15,,,, 12,,,,,,,,1484,1457,1470,RW
Los Angeles Panthers,SHL,https://www.simulationhockey.com/showthread.php?tid=95206,S48,48, simon, leblanc,, left, r/habs on reddit, noah dobson, 16, 5'11'', 180 lbs," montreal,canada", defensive defenseman,,, 5, 5, 12, 15, 15, 8, 15, 14, 16, 15, 15, 16, 5, 17, 14, 15, 16, 14, 14, 16, 9, 7, 13,15,15,15,15,15,,,, 16,,,,,,,,1164,1152,1157,D
Los Angeles Panthers,SHL,https://www.simulationhockey.com/showthread.php?tid=94541,S48,48, oliver, cleary,, right,, thomas chabot, 97," 6'3""", 215 lbs," toronto, ontario", offensive defenseman,,, 13, 5, 16, 18, 18, 10, 17, 18, 15, 14, 14, 14, 5, 17, 16, 15, 15, 16, 16, 16, 5, 9, 12,15,15,15,15,15,,,, 14,,,,,,,,1527,1500,1513,D
Los Angeles Panthers,SHL,https://www.simulationhockey.com/showthread.php?tid=93290,S47,47, tony, ford,, right, reddit.com/r/canucks post, alex edler, 47," 6' 3""", 200, united kingdom, offensive defenseman,,, 15, 5, 16, 16, 18, 12, 18, 16, 15, 15, 13, 15, 5, 17, 16, 16, 16, 15, 16, 17, 5, 7, 14,15,15,15,15,15,,,, 15,,,,,,,,1551,1522,1537,D
Los Angeles Panthers,SHL,https://www.simulationhockey.com/showthread.php?tid=92635,S47,47, thomas, bathory,, right, recreate, tbd, 83, 6'3, 207," nyírbátor, hungary", two-way defenseman,,, 4, 9, 13, 17, 17, 9, 15, 17, 12, 14, 15, 15, 6, 16, 15, 15, 15, 15, 14, 15, 9, 11, 12,15,15,15,15,15,,,, 16,,,,,,,,1203,1192,1196,D
Los Angeles Panthers,SHL,https://www.simulationhockey.com/showthread.php?tid=90783,S46,46, borromini, cannellini,, left,, evgeni malkin, 17, 6ft 4in, 210 lbs, united states, sniper forward,,, 11, 14, 13, 19, 15, 15, 6, 16, 14, 14, 15, 8, 16, 15, 15, 14, 15, 16, 16, 14, 5, 10, 14,,,,,,,,, 15,,,,,,,,1299,1274,1285,C
Los Angeles Panthers,SHL,https://www.simulationhockey.com/showthread.php?tid=86966,S43,43, philipp alexander, winter,, right, -,, 17," 6'2""", 197 lbs," buffalo, ny (german citizenship)", sniper,,, 39, 13, 19, 15, 17, 19, 12, 18, 13, 13, 13, 12, 10, 15, 16, 17, 17, 17, 17, 15, 5, 11, 13,15,15,15,15,15,,,, 13,,,,,,,,1659,1606,1645,LW
Los Angeles Panthers,SHL,https://www.simulationhockey.com/showthread.php?tid=86683,S43,43, max, mauldin,, right, recreate,, 32," 6'5"" (77)", 215lbs," san jose, ca, usa", playmaker,,, 15, 11, 14, 17, 16, 12, 6, 16, 16, 11, 15, 8, 17, 18, 15, 15, 16, 14, 16, 16, 6, 7, 13,15,15,15,15,15,,,, 14,,,,,,,,1320,1291,1306,C
Los Angeles Panthers,SHL,https://www.simulationhockey.com/showthread.php?tid=85739,S42,42, jordan, von matt,, right, reddit (r/canucks),, 6, 6'3, 195," vancouver, canada", two-way defenseman,,, 0, 5, 13, 15, 15, 9, 11, 13, 14, 10, 14, 11, 5, 15, 13, 13, 15, 13, 14, 15, 5, 5, 9,15,15,15,15,15,,,, 12,,,,,,,,674,667,667,D
Los Angeles Panthers,SHL,https://www.simulationhockey.com/showthread.php?tid=82774,S40,40, gottlieb-odilo-dankward, mczehrl,, left, recreate,, 88," 6'2""", 203, germany, sniper,,, 46, 13, 14, 18, 17, 15, 8, 17, 15, 11, 15, 9, 5, 15, 15, 16, 16, 15, 16, 15, 5, 9, 14,15,15,15,15,15,,,, 13,,,,,,,,1291,1231,1277,C
Minnesota Chiefs,SHL,https://www.simulationhockey.com/showthread.php?tid=101744,S52,52, c.t., carragher,, right, recreate, brett howden, 15,,," savannah, ga, usa", playmaker,,, 165, 7, 10, 14, 14, 11, 7, 14, 12, 5, 12, 6, 12, 13, 11, 11, 13, 13, 13, 11, 5, 5, 8,15,15,15,15,15,,,, 11,,,,,,,,590,425,590,C
Minnesota Chiefs,SHL,https://www.simulationhockey.com/showthread.php?tid=101153,S52,52, jmac, ncheese,, right,, steven stamkos, 8, 6ft 1in, 200 lbs, united states, two-way forward,,, 12, 9, 15, 13, 15, 14, 12, 15, 13, 7, 13, 10, 5, 15, 14, 13, 13, 14, 14, 13, 5, 5, 8,15,15,15,15,15,,,, 13,,,,,,,,703,684,696,RW
Minnesota Chiefs,SHL,https://www.simulationhockey.com/showthread.php?tid=100701,S52,52, cal, labovitch,, left, gordie boomhover, cheyne matheson, 12," 6'1""", 202 lbs, switzerland, setup man,,, 11, 12, 16, 15, 16, 16, 12, 16, 14, 5, 13, 8, 5, 14, 15, 15, 15, 15, 15, 14, 5, 5, 11,15,15,15,15,15,,,, 12,,,,,,,,980,955,966,RW
Minnesota Chiefs,SHL,https://www.simulationhockey.com/showthread.php?tid=100699,S52,52, stirling, mactavish,, left,, travis konecny, 22, 5ft 11in, 194 lbs, great britain, forward,,, 28, 5, 12, 17, 13, 7, 5, 15, 10, 5, 12, 5, 15, 12, 12, 12, 11, 15, 13, 11, 5, 5, 6,15,15,15,15,15,,,, 13,,,,,,,,588,544,572,C
Minnesota Chiefs,SHL,https://www.simulationhockey.com/showthread.php?tid=100034,S51,51, thicc, cheezy,, left, thread on r/canucks,, 7, 6ft 1in, 215 lbs, canada, playmaker forward,,, 34, 5, 11, 15, 13, 11, 8, 13, 12, 8, 13, 11, 5, 12, 14, 12, 12, 14, 14, 12, 5, 5, 11,15,15,15,15,15,,,, 14,,,,,,,,556,515,549,LW
Minnesota Chiefs,SHL,https://www.simulationhockey.com/showthread.php?tid=98608,S50,50, markus, tegernako,, left, reddit, jonathan quick, 42," 6' 1""", 195 lbs," köniz, swi", hybrid goalie,,, 7,,, 13, 13,,,,,,,,,,,,,,,,,8,,15,15,15,,15, 16, 16, 14, 18, 17, 18, 16, 18, 15, 17, 16,1208,1201,1208,G
Minnesota Chiefs,SHL,https://www.simulationhockey.com/showthread.php?tid=97277,S49,49, mikas, bieksa,, left,,, 11, 6ft 1in, 205 lbs, lithuania, offensive defenseman,,, 0, 5, 5, 10, 10, 10, 10, 10, 14, 5, 14, 14, 5, 14, 13, 13, 13, 13, 13, 14, 5, 7, 7,15,15,15,15,15,,,, 14,,,,,,,,485,485,485,D
Minnesota Chiefs,SHL,https://www.simulationhockey.com/showthread.php?tid=95544,S48,48, haley, knight,, left, jearim, hilary knight, 79," 6'2""", 220, canada,,,, 0, 5, 5, 10, 10, 5, 5, 10, 14, 5, 13, 13, 5, 14, 11, 12, 13, 12, 14, 13, 5, 5, 7,15,15,15,15,15,,,, 13,,,,,,,,400,377,377,D
Minnesota Chiefs,SHL,https://www.simulationhockey.com/showthread.php?tid=95196,S48,48, noah, tedla,, left, bdonini,, 61, 6ft 3in, 190 lbs, united states, two-way defenseman,,, 0, 5, 13, 15, 17, 12, 12, 15, 13, 11, 14, 12, 5, 15, 15, 15, 14, 15, 14, 13, 5, 5, 12,15,15,15,15,15,,,, 18,,,,,,,,985,962,962,D
Minnesota Chiefs,SHL,https://www.simulationhockey.com/showthread.php?tid=94859,S48,48, kasperi, braulin,, left,, jordan binnington, 50, 6ft 3in, 200 lbs, germany, butterfly goalie,,, 1,,, 11, 11,,,,,,,,,,,,,,,,,8,,15,15,15,,15, 13, 13, 11, 15, 14, 15, 14, 15, 11, 14, 12,480,479,480,G
Minnesota Chiefs,SHL,https://www.simulationhockey.com/showthread.php?tid=94091,S47,47, noah, gallagher,, left, re-create, leon draisaitl, 92, 6ft 2in, 208 lbs, ireland,,,, 5, 15, 16, 11, 17, 16, 12, 18, 19, 19, 10, 9, 5, 15, 15, 15, 17, 15, 15, 19, 5, 5, 10,15,15,15,15,15,,,, 14,,,,,,,,1602,1583,1588,LW
Minnesota Chiefs,SHL,https://www.simulationhockey.com/showthread.php?tid=93042,S47,47, borůvka, banananák,, right,,, 13, 5ft 2in, 160 lbs, czech republic, sniper forward,,, 0, 8, 15, 16, 17, 15, 12, 17, 13, 10, 10, 12, 5, 14, 16, 15, 14, 15, 14, 14, 5, 5, 8,15,15,15,15,15,,,, 13,,,,,,,,960,953,953,RW
Minnesota Chiefs,SHL,https://www.simulationhockey.com/showthread.php?tid=91672,S46,46, dylan, karlsson,, right, stamkosfan, erik karlsson, 7, 6ft 1in, 205 lbs, sweden, offensive defenseman,,, 0, 5, 12, 14, 16, 8, 11, 13, 16, 15, 13, 13, 5, 17, 15, 11, 16, 12, 12, 15, 5, 5, 9,15,15,15,15,15,,,, 15,,,,,,,,862,862,862,D
Minnesota Chiefs,SHL,https://www.simulationhockey.com/showthread.php?tid=91554,S46,46, mathias, seger,, left, /r/hockey, mathias seger, 15, 5ft 11in, 190 lbs, switzerland, two-way defenseman,,, 10, 5, 14, 17, 17, 12, 16, 15, 19, 12, 17, 17, 5, 20, 16, 15, 16, 16, 17, 15, 5, 5, 15,15,15,15,15,15,,,, 20,,,,,,,,1901,1877,1887,D
Minnesota Chiefs,SHL,https://www.simulationhockey.com/showthread.php?tid=91540,S46,46, collin, gibbles,, right, reddit, henrik zetterberg, 53, 6ft 0in, 230 lbs, united states,,,, 12, 8, 11, 18, 18, 14, 12, 19, 19, 5, 19, 12, 8, 18, 17, 17, 17, 17, 15, 17, 5, 8, 12,15,15,15,15,15,,,, 18,,,,,,,,1949,1923,1935,RW
Minnesota Chiefs,SHL,https://www.simulationhockey.com/showthread.php?tid=88526,S44,44, shouta, aizawa,, right, recreate,, 18, 6ft 0in, 215 lbs, czech republic, two-way forward,,, 0, 12, 15, 10, 15, 16, 12, 15, 11, 5, 7, 7, 13, 11, 15, 12, 12, 15, 14, 12, 5, 6, 10,15,15,15,15,15,,,, 11,,,,,,,,655,648,648,C
Minnesota Chiefs,SHL,https://www.simulationhockey.com/showthread.php?tid=87220,S43,43, jack, kennedy,, right, reddit,, 94, 6ft 3in, 225 lbs, canada, sniper forward,,, 0, 11, 15, 13, 15, 16, 8, 16, 13, 5, 13, 6, 5, 16, 16, 16, 15, 16, 15, 13, 5, 5, 12,15,15,15,15,15,,,, 14,,,,,,,,974,960,960,LW
Minnesota Chiefs,SHL,https://www.simulationhockey.com/showthread.php?tid=81130,S39,39, ti-guy, emond,, left, reddit,, 43," 6'6""", 240," quebec, can", defensive defenseman,,, 0, 5, 5, 12, 15, 10, 11, 12, 15, 5, 14, 13, 5, 15, 13, 14, 15, 12, 12, 14, 5, 5, 6,15,15,15,15,15,,,, 15,,,,,,,,623,623,623,D
New Orleans Specters,SHL,https://www.simulationhockey.com/showthread.php?tid=101036,S52,52, olli," saarinen, jr.",, left,, carter hart, 79, 6ft 2in, 181 lbs, finland, hybrid goalie,,, 7,,, 11, 10,,,,,,,,,,,,,,,,,8,,15,15,15,,15, 16, 16, 12, 17, 13, 14, 16, 17, 10, 15, 16,782,775,782,G
New Orleans Specters,SHL,https://www.simulationhockey.com/showthread.php?tid=99013,S50,50, thomas, vanice,, right, recreate, thomas vanek, 90, 6ft 2in, 218 lbs, austria, sniper forward,,, 1, 5, 15, 13, 15, 15, 10, 15, 14, 13, 14, 11, 5, 14, 15, 15, 15, 15, 16, 15, 5, 5, 12,15,15,15,15,15,,,, 16,,,,,,,,973,958,959,LW
New Orleans Specters,SHL,https://www.simulationhockey.com/showthread.php?tid=95556,S48,48, darnell, johnson,, right,, jt brown, 3, 6ft 2in, 220 lbs, united states, defensive defenseman,,, 5, 7, 10, 15, 14, 10, 14, 12, 15, 15, 15, 18, 5, 16, 13, 13, 15, 13, 15, 14, 13, 5, 13,15,15,15,15,15,,,, 15,,,,,,,,1011,992,997,D
New Orleans Specters,SHL,https://www.simulationhockey.com/showthread.php?tid=95186,S48,48, lyle, odelein iii,, right, reddit user - riptokyorepper, lyle odelein, 24, 6ft 2in, 210 lbs, canada, two-way defenseman,,, 26, 5, 17, 16, 17, 12, 15, 17, 16, 16, 16, 16, 5, 17, 16, 16, 16, 16, 17, 16, 5, 8, 12,15,15,15,15,15,,,, 16,,,,,,,,1641,1601,1627,D
New Orleans Specters,SHL,https://www.simulationhockey.com/showthread.php?tid=94575,S48,48, kaspars, claude,, right, otrebor13, matt grzelcyk, 10, 6ft 3in, 225 lbs, latvia, two-way defenseman,,, 23, 5, 17, 17, 18, 12, 15, 18, 17, 12, 15, 13, 5, 17, 16, 16, 16, 16, 17, 16, 5, 5, 13,15,15,15,15,15,,,, 16,,,,,,,,1629,1592,1615,D
New Orleans Specters,SHL,https://www.simulationhockey.com/showthread.php?tid=94461,S47,47, nicolaj, muller,, left, reddit, brayden point, 81," 5'10""", 183 lbs, switzerland,,,, 9, 12, 17, 15, 17, 17, 12, 17, 15, 11, 15, 9, 11, 15, 16, 16, 15, 16, 15, 15, 5, 5, 13,15,15,15,15,15,,,, 15,,,,,,,,1316,1293,1302,LW
New Orleans Specters,SHL,https://www.simulationhockey.com/showthread.php?tid=94447,S47,47, boris, poroshenko,, left,  yosuf, dmitri khristich, 7," 6' 3""", 230 lbs, ukraine, two-way forward,,, 7, 14, 16, 16, 17, 16, 12, 17, 16, 15, 15, 5, 15, 16, 15, 14, 17, 15, 16, 17, 5, 5, 12,15,15,15,15,15,,,, 13,,,,,,,,1445,1424,1431,C
New Orleans Specters,SHL,https://www.simulationhockey.com/showthread.php?tid=92714,S47,47, charlie, serpe,, left,, quinn hughes, 13, 5ft 11in, 185 lbs, united states, offensive defenseman,,, 26, 5, 15, 17, 17, 10, 10, 17, 13, 5, 17, 17, 5, 17, 15, 15, 11, 17, 17, 10, 5, 5, 9,15,15,15,15,15,,,, 17,,,,,,,,1291,1251,1277,D
New Orleans Specters,SHL,https://www.simulationhockey.com/showthread.php?tid=91486,S46,46, michael, fox,, right, reddit, martin necas, 88, 5ft 11in, 185lbs, united states, playmaker forward,,, 2, 13, 18, 15, 17, 18, 12, 19, 15, 13, 15, 12, 8, 16, 15, 16, 15, 17, 16, 17, 5, 7, 14,15,15,15,15,15,,,, 16,,,,,,,,1641,1625,1627,RW
New Orleans Specters,SHL,https://www.simulationhockey.com/showthread.php?tid=91306,S46,46, jimmy, slothface,, left, reddit thread, filip zadina, 61, 6ft 1in, 200 lbs, finland, sniper forward,,, 38, 8, 18, 18, 17, 17, 10, 19, 17, 11, 15, 7, 17, 16, 16, 17, 17, 16, 18, 17, 5, 5, 16,15,15,15,15,15,,,, 15,,,,,,,,1959,1907,1945,RW
New Orleans Specters,SHL,https://www.simulationhockey.com/showthread.php?tid=91199,S46,46, olivier, cloutier,, left, recreate, jack studnicka, 23," 5'7""", 165 lbs," lyon, france (dual citizenship with ??)", sniper,,, 3, 15, 18, 15, 17, 18, 12, 18, 16, 5, 16, 8, 12, 15, 18, 17, 17, 18, 17, 17, 5, 5, 12,15,15,15,15,15,,,, 14,,,,,,,,1790,1773,1776,RW
New Orleans Specters,SHL,https://www.simulationhockey.com/showthread.php?tid=89532,S45,45, mika, mayfield,, right, thedangazone, amy adams, 42," 5'8""", 165 lbs, (note that your choice here determines which ihf team you will be eligible for. read the international recruiting subforum before choosing!) italy - represents ireland in iihf, two-way forward,,, 26, 11, 18, 15, 18, 16, 12, 18, 15, 12, 13, 9, 10, 15, 18, 17, 17, 18, 16, 15, 5, 5, 13,15,15,15,15,15,,,, 15,,,,,,,,1623,1583,1609,LW
New Orleans Specters,SHL,https://www.simulationhockey.com/showthread.php?tid=87372,S43,43, nicholas, williams,, right, /u/caltroit_red_flames,, 73," 6'-2""", 207lbs," detroit, mi, usa", two-way forward,,, 3, 12, 17, 16, 17, 16, 7, 17, 17, 10, 17, 10, 17, 17, 17, 17, 16, 16, 17, 16, 5, 5, 12,15,15,15,15,15,,,, 17,,,,,,,,1726,1709,1712,LW
New Orleans Specters,SHL,https://www.simulationhockey.com/showthread.php?tid=87323,S43,43, rex, kirkby,, right, reddit,, 13, 6ft 2in, 212 lbs, united kingdom, two-way defenseman,,, 41, 5, 18, 17, 17, 12, 16, 17, 17, 14, 17, 17, 5, 17, 17, 16, 17, 15, 17, 17, 5, 5, 13,15,15,15,15,15,,,, 17,,,,,,,,1860,1805,1846,D
New Orleans Specters,SHL,https://www.simulationhockey.com/showthread.php?tid=88658,S43,43, aleister, cain,, left, reddit,, 28," 5'9""", 160 lbs," chicago, illinois", hybrid goalie,,, 3,,, 11, 12,,,,,,,,,,,,,,,,,8,,15,15,15,,15, 19, 18, 11, 20, 18, 18, 19, 20, 13, 18, 19,1739,1736,1739,G
New Orleans Specters,SHL,https://www.simulationhockey.com/showthread.php?tid=86935,S43,43, lil’, manius,, r, me,, 77, 6’ 9”, 265," onchiota, ny", two-way forward,,, 1, 16, 17, 16, 17, 17, 10, 17, 17, 16, 16, 5, 7, 16, 16, 16, 16, 16, 17, 16, 5, 8, 13,15,15,15,15,15,,,, 16,,,,,,,,1663,1648,1649,RW
New Orleans Specters,SHL,https://www.simulationhockey.com/showthread.php?tid=81133,S39,39, demaricus, smyth,, r,,, 42," 6'2""", 197," blansko, cze", offensive forward,,, 11, 7, 12, 16,, 12, 16, 15, 17, 14, 12, 12, 5, 17, 17, 15, 15, 16, 16, 15, 10, 6, 12,15,15,15,15,15,,,, 16,,,,,,,,1257,0,11,D
San Fransisco Pride,SHL,https://www.simulationhockey.com/showthread.php?tid=101723,S52,52, cillian, kavanagh,, right, google search,, 30, 6’4, 205 lbs," limerick, ireland", hybrid goalie,,, 19,,, 10, 10,,,,,,,,,,,,,,,,,8,,15,15,15,,15, 14, 15, 10, 19, 15, 15, 15, 19, 10, 16, 15,891,872,891,G
San Fransisco Pride,SHL,https://www.simulationhockey.com/showthread.php?tid=100045,S51,51, alex, petrenko,, left, stamkosfan, ivan provorov, 11, 6ft 1in, 205 lbs, russia, two-way defenseman,,, 10, 10, 13, 16, 13, 12, 15, 15, 16, 10, 16, 15, 5, 15, 15, 15, 12, 13, 16, 15, 5, 9, 10,15,15,15,15,15,,,, 13,,,,,,,,991,967,977,D
San Fransisco Pride,SHL,https://www.simulationhockey.com/showthread.php?tid=98515,S50,50, andrey, barbashev ii,, left,,, 92, 6ft 0in, 185 lbs, austria, offensive forward,,, 0, 5, 13, 13, 15, 12, 8, 13, 16, 11, 14, 5, 5, 15, 13, 12, 15, 13, 14, 14, 5, 5, 12,15,15,15,15,15,,,, 14,,,,,,,,697,690,690,LW
San Fransisco Pride,SHL,https://www.simulationhockey.com/showthread.php?tid=98213,S50,50, henrik, lekberg osterman,, right, reddit,, 3, 6ft 2in, 204 lbs, sweden,,,, 4, 13, 17, 15, 17, 15, 8, 17, 15, 11, 15, 12, 5, 15, 16, 16, 16, 16, 17, 14, 5, 9, 9,15,15,15,15,15,,,, 14,,,,,,,,1276,1258,1262,LW
San Fransisco Pride,SHL,https://www.simulationhockey.com/showthread.php?tid=96534,S49,49, ricky, spanish,, left,, ricky spanish, 69, 6ft 4in, 230 lbs, parts unknown, playmaker forward,,, 0, 10, 10, 10, 15, 10, 8, 10, 15, 10, 15, 10, 8, 15, 15, 11, 15, 15, 15, 12, 6, 8, 10,15,15,15,15,15,,,, 15,,,,,,,,683,669,669,LW
San Fransisco Pride,SHL,https://www.simulationhockey.com/showthread.php?tid=96480,S49,49, prince, devitt,, left, xleafer,, 7, 5ft 11in, 190 lbs, ireland,,,, 0, 8, 12, 15, 16, 6, 14, 13, 15, 15, 13, 15, 6, 16, 15, 13, 15, 14, 16, 14, 8, 5, 14,15,15,15,15,15,,,, 16,,,,,,,,1022,1008,1008,D
San Fransisco Pride,SHL,https://www.simulationhockey.com/showthread.php?tid=96192,S49,49, jake, primeau,, right, google, brayden point, 25, 5ft 11in, 178 lbs, canada, sniper forward,,, 0, 7, 15, 12, 16, 15, 12, 16, 12, 5, 10, 8, 13, 12, 15, 15, 14, 15, 14, 13, 5, 5, 9,15,15,15,15,15,,,, 12,,,,,,,,769,762,762,C
San Fransisco Pride,SHL,https://www.simulationhockey.com/showthread.php?tid=94736,S48,48, emeka, valentine-okoli,, right, itssyoboidalegend, wayne simmonds, 7, 5ft 10in, 168 lbs, united kingdom,,,, 5, 9, 15, 15, 13, 15, 11, 15, 13, 7, 14, 7, 5, 15, 15, 15, 14, 15, 14, 13, 5, 5, 10,,,,,,,,, 12,,,,,,,,783,771,776,RW
San Fransisco Pride,SHL,https://www.simulationhockey.com/showthread.php?tid=91372,S46,46, kalevi, karhunen,, left, reddit,, 7, 6ft 3in, 230 lbs, finland, two-way defenseman,,, 1, 12, 10, 12, 13, 7, 12, 10, 16, 14, 14, 12, 5, 15, 10, 10, 15, 10, 11, 14, 10, 12, 12,15,15,15,15,15,,,, 12,,,,,,,,621,620,621,D
San Fransisco Pride,SHL,https://www.simulationhockey.com/showthread.php?tid=88679,S44,44, ray, bork,, left, vbottas17,, 7," 6'0""", 192 lbs, united kingdom, two-way defenseman,,, 13, 6,, 15, 14, 12, 17, 15, 15, 11, 17, 14, 5, 17, 16, 15, 17, 16, 19, 16, 5, 7, 10,15,15,15,15,15,,,, 17,,,,,,,,1468,0,13,D
San Fransisco Pride,SHL,https://www.simulationhockey.com/showthread.php?tid=87634,S43,43, richard, metcalf jr.,, left, that guy who posted to r/hockey,, 14," 5'9""", 180," st. paul, mn",,,, 3, 16, 12, 17, 15, 10, 10, 15, 13, 7, 12, 9, 5, 15, 14, 14, 14, 14, 15, 13, 5, 5, 13,15,15,15,15,15,,,, 12,,,,,,,,820,803,806,RW
San Fransisco Pride,SHL,https://www.simulationhockey.com/showthread.php?tid=88656,S43,43, steven, moyer,, right,,, 23, 6ft 5in, 215 lbs, canada, playmaker forward,,, 3, 5, 13, 20, 18, 13, 8, 17, 17, 5, 13, 11, 15, 14, 18, 15, 14, 17, 18, 13, 5, 5, 11,15,15,15,15,15,,,, 15,,,,,,,,1455,1438,1441,C
San Fransisco Pride,SHL,https://www.simulationhockey.com/showthread.php?tid=87585,S43,43, vince, rieper,, left, n/a,, 24, 6ft 3in, 236 lbs, united states,,,, 7, 12, 18, 12, 17, 18, 8, 18, 14, 7, 12, 9, 5, 14, 14, 14, 14, 14, 17, 12, 5, 5, 11,15,15,15,15,15,,,, 14,,,,,,,,1124,1103,1110,LW
San Fransisco Pride,SHL,https://www.simulationhockey.com/showthread.php?tid=87329,S43,43, jeff, brogen,, left,,, 9, 6ft 1in, 215 lbs, canada,,,, 7, 15, 20, 15, 15, 20, 12, 17, 15, 10, 15, 12, 8, 13, 15, 15, 15, 15, 17, 13, 5, 10, 14,15,15,15,15,15,,,, 10,,,,,,,,1433,1412,1419,LW
San Fransisco Pride,SHL,https://www.simulationhockey.com/showthread.php?tid=85497,S42,42, charlie, schieck,, left, wannabefinn,, 65," 6'3""", 190lbs, canada, offensive defenseman,,, 3, 5, 10, 17, 16, 10, 9, 16, 17, 12, 17, 14, 5, 18, 16, 14, 16, 16, 18, 15, 5, 5, 10,15,15,15,15,15,,,, 17,,,,,,,,1393,1376,1379,D
San Fransisco Pride,SHL,https://www.simulationhockey.com/showthread.php?tid=85308,S42,42, geezus, kryyst,, right,,, 79, 6' 2'', 210," independence, mo (the second time)", butterfly goalie,,, 15,,, 12, 11,,,,,,,,,,,,,,,,,8,,15,15,15,,15, 19, 17, 14, 19, 17, 16, 16, 19, 13, 15, 18,1314,1307,1322,G
San Fransisco Pride,SHL,https://www.simulationhockey.com/showthread.php?tid=77102,S37,37, jack, tanner,, l,,, 37," 5'11""", 210, ireland,,,, 0, 5, 11, 13, 13, 9, 17, 13, 15, 11, 13, 9, 5, 17, 9, 13, 13, 15, 15, 13, 5, 5, 5,15,15,15,15,15,,,, 17,,,,,,,,780,766,766,D
Texas Renegades,SHL,https://www.simulationhockey.com/showthread.php?tid=101740,S52,52, guy, o'shea,, right, jss, erik karlsson, 28, 6ft 3in, 220 lbs, ireland,,,, 1, 5, 13, 15, 15, 12, 13, 15, 15, 7, 13, 11, 5, 15, 15, 15, 15, 13, 14, 14, 5, 5, 8,15,15,15,15,15,,,, 13,,,,,,,,781,773,774,D
Texas Renegades,SHL,https://www.simulationhockey.com/showthread.php?tid=101111,S52,52, adam, scianna,, right,, jonas holøs, 31," 6'2""", 225 lbs," trondheim,norway", two-way defenseman,,, 1, 6, 14, 15, 15, 12, 14, 16, 16, 11, 15, 13, 5, 16, 13, 13, 16, 14, 15, 15, 5, 5, 10,15,15,15,15,15,,,, 14,,,,,,,,979,964,965,D
Texas Renegades,SHL,https://www.simulationhockey.com/showthread.php?tid=100731,S52,52, slatt, potts,, left, myself, nle choppa, 6, 5'11, 195 lbs," atlanta, georgia",,,, 38, 7, 14, 15, 15, 15, 9, 15, 15, 7, 15, 7, 5, 15, 13, 13, 15, 13, 15, 15, 5, 5, 7,15,15,15,15,15,,,, 13,,,,,,,,831,779,817,RW
Texas Renegades,SHL,https://www.simulationhockey.com/showthread.php?tid=99633,S51,51, white, goodman,, left, me, white goodman, 30, 6ft 3in, 230 lbs, italy,,,, 0,,, 12, 12,,,,,,,,,,,,,,,,,8,,15,15,15,,15, 16, 16, 13, 18, 16, 16, 16, 18, 12, 12, 15,929,929,929,G
Texas Renegades,SHL,https://www.simulationhockey.com/showthread.php?tid=99401,S51,51, alexander, wachter,, left,,, 76, 6ft 4in, 198 lbs, austria,,,, 1, 15, 17, 15, 15, 17, 8, 17, 13, 9, 14, 5, 5, 15, 14, 15, 15, 14, 15, 16, 5, 5, 10,15,15,15,15,15,,,, 14,,,,,,,,1083,1068,1069,RW
Texas Renegades,SHL,https://www.simulationhockey.com/showthread.php?tid=99349,S51,51, kaarlo, kekkonen,, right, wannabefinn, kaapo kekko, 82, 6ft 4in, 220 lbs," akaa, finland", forward,,, 23, 9, 17, 14, 17, 17, 10, 17, 14, 5, 12, 5, 5, 15, 15, 15, 16, 15, 15, 16, 5, 5, 10,,,,,,,,, 12,,,,,,,,1109,1072,1095,LW
Texas Renegades,SHL,https://www.simulationhockey.com/showthread.php?tid=98291,S50,50, björn, leppänen,, right, reddit,, 52, 5ft 11in, 183 lbs, finland, enforcer defenseman,,, 12, 5, 14, 16, 16, 9, 10, 12, 18, 17, 15, 12, 5, 18, 16, 13, 16, 13, 16, 16, 5, 5, 12,,,,,,,,, 16,,,,,,,,1283,1257,1269,D
Texas Renegades,SHL,https://www.simulationhockey.com/showthread.php?tid=98317,S50,50, ivan, maximus,, right,, vladimir putin, 14, 6ft 3in, 210 lbs, russia,,,, 6, 10, 15, 17, 16, 14, 8, 17, 16, 5, 15, 8, 15, 16, 16, 15, 16, 15, 15, 15, 5, 5, 10,15,15,15,15,15,,,, 13,,,,,,,,1192,1172,1178,C
Texas Renegades,SHL,https://www.simulationhockey.com/showthread.php?tid=96596,S49,49, noah, brusky,, right, r/ea_nhl,, 24, 6ft 1in, 192 lbs, united states, defensive defenseman,,, 10, 5, 14, 16, 17, 10, 13, 16, 15, 12, 17, 10, 5, 17, 15, 13, 16, 15, 15, 16, 5, 5, 11,15,15,15,15,15,,,, 17,,,,,,,,1211,1187,1197,D
Texas Renegades,SHL,https://www.simulationhockey.com/showthread.php?tid=95841,S48,48, patrick, niederreiter,, left, kahn, martin jones, 69, 6ft 2in, 240 lbs, united states,,,, 0,,, 10, 10,,,,,,,,,,,,,,,,,8,,15,15,15,,15, 15, 11, 15, 15, 15, 15, 15, 15, 10, 10, 11,510,510,510,G
Texas Renegades,SHL,https://www.simulationhockey.com/showthread.php?tid=94960,S48,48, piotr, horvat,, right, dankoa, marc-édouard vlasic, 74, 6ft 4in, 225 lbs, russia,,,, 18, 5, 14, 15, 17, 9, 13, 13, 17, 17, 16, 14, 5, 18, 16, 13, 16, 14, 16, 16, 5, 5, 11,15,15,15,15,15,,,, 16,,,,,,,,1333,1301,1319,D
Texas Renegades,SHL,https://www.simulationhockey.com/showthread.php?tid=94176,S47,47, josef, kubinec,, left, n/a, jakub vrana, 30, 6ft 0in, 197 lbs, czech republic,,,, 8, 11, 19, 16, 18, 18, 12, 18, 15, 9, 15, 8, 5, 15, 16, 15, 16, 15, 15, 16, 5, 5, 11,,,,,,,,, 13,,,,,,,,1458,1436,1444,LW
Texas Renegades,SHL,https://www.simulationhockey.com/showthread.php?tid=91516,S46,46, gordie, boomhover,, left,,, 19, 6ft 1in, 188 lbs, netherlands, two-way forward,,, 0, 7, 11, 15, 16, 8, 8, 10, 16, 10, 16, 12, 13, 17, 16, 13, 16, 15, 15, 16, 5, 5, 12,,,,,,,,, 17,,,,,,,,1076,1062,1062,C
Texas Renegades,SHL,https://www.simulationhockey.com/showthread.php?tid=91202,S46,46, nikolai, evans,, left, your mom, matthew tkachuk, 19, 6ft 2in, 210 lbs, russia, offensive defenseman,,, 0, 5, 15, 16, 17, 9, 15, 17, 15, 10, 17, 12, 5, 17, 14, 13, 16, 16, 15, 15, 5, 5, 11,15,15,15,15,15,,,, 18,,,,,,,,1291,1277,1277,D
Texas Renegades,SHL,https://www.simulationhockey.com/showthread.php?tid=89927,S45,45, andreas, kvalheim,, right,,, 3," 6'3""", 207 lbs," trondheim, norway",,,, 22, 14, 18, 18, 18, 17, 11, 18, 17, 15, 17, 9, 15, 18, 15, 14, 18, 15, 17, 18, 5, 5, 13,,,,,,,,, 14,,,,,,,,1961,1925,1947,LW
Texas Renegades,SHL,https://www.simulationhockey.com/showthread.php?tid=84332,S41,41, piotr, czerkawski,, left, cpetrella,, 77, 6'2'', 220," radomsko, poland",,,, 13, 14, 17, 15, 17, 17, 12, 17, 15, 12, 15, 5, 5, 15, 17, 17, 17, 17, 17, 15, 5, 6, 12,15,15,15,15,15,,,, 15,,,,,,,,1497,1470,1483,RW
Texas Renegades,SHL,https://www.simulationhockey.com/showthread.php?tid=83193,S40,40, manuel, gotze,, left," pro baseball experience? eriarai and rabidsponge. most importantly, andybj",, 8," 6 ft., 3 in.", 220," frankfurt, germany",,,, 1, 15, 17, 16, 17, 15, 9, 17, 16, 16, 16, 8, 5, 16, 14, 13, 17, 15, 15, 17, 5, 8, 13,15,15,15,15,15,,,, 13,,,,,,,,1385,1370,1371,RW
Winnipeg Jets,SHL,https://www.simulationhockey.com/showthread.php?tid=102433,S53,53, magnus, liljeström,, right,, olli maatta, 81, 6ft 2in, 199 lbs, sweden, defenseman,,, 28, 5, 13, 13, 13, 10, 11, 15, 15, 11, 15, 14, 5, 16, 14, 14, 14, 14, 14, 13, 5, 5, 9,15,15,15,15,15,,,, 15,,,,,,,,806,771,799,D
Winnipeg Jets,SHL,https://www.simulationhockey.com/showthread.php?tid=102355,S53,53, reid, sutherland,, right, r/hockey, kyle turris, 5," 5'11""", 190 lbs," minnesota, usa", forward,,, 40, 10, 15, 15, 16, 12, 9, 15, 14, 10, 12, 11, 13, 15, 14, 14, 12, 13, 14, 12, 5, 5, 9,15,15,15,15,15,,,, 14,,,,,,,,804,757,797,C
Winnipeg Jets,SHL,https://www.simulationhockey.com/showthread.php?tid=101853,S52,52, bale,,, right,, seguin, 91, 6'2,207, latvia, sniper,,, 9, 13, 18, 12, 14, 14, 10, 15, 14, 10, 10, 7, 5, 15, 15, 13, 12, 15, 15, 16, 5, 5, 9,15,15,15,15,15,,,, 12,,,,,,,,860,837,846,RW
Winnipeg Jets,SHL,https://www.simulationhockey.com/showthread.php?tid=101142,S52,52, strom, chamberlain,, right, reddit,, 21, 6ft 2in, 260 lbs, united states, hybrid goalie,,, 3,,, 13, 12,,,,,,,,,,,,,,,,,8,,15,15,15,,15, 15, 15, 12, 17, 17, 17, 15, 17, 14, 17, 15,938,935,938,G
Winnipeg Jets,SHL,https://www.simulationhockey.com/showthread.php?tid=100352,S51,51, steven, vassallo,, left, google,, 79, 6ft 3in, 203 lbs, japan, hybrid goalie,,, 0,,, 9, 7,,,,,,,,,,,,,,,,,8,,15,15,15,,15, 13, 13, 9, 12, 13, 12, 12, 15, 10, 11, 11,287,287,287,G
Winnipeg Jets,SHL,https://www.simulationhockey.com/showthread.php?tid=99332,S51,51, zlatan, ibrahimovic jr.,, right, recreate, rasmus dahlin, 17, 6ft 2in, 200 lbs, sweden, two-way defenseman,,, 5, 10, 16, 15, 16, 12, 15, 16, 15, 12, 15, 15, 5, 16, 14, 15, 15, 14, 15, 15, 5, 5, 9,15,15,15,15,15,,,, 15,,,,,,,,1116,1097,1102,D
Winnipeg Jets,SHL,https://www.simulationhockey.com/showthread.php?tid=98122,S50,50, adam, barron,, left, reddit, shea theodore, 27," 6'2""", 195 lbs," bonavista, nl, canada", two-way defenseman,,, 5, 5, 18, 15, 18, 12, 16, 18, 15, 11, 15, 15, 5, 15, 15, 15, 15, 15, 15, 15, 7, 8, 12,15,15,15,15,15,,,, 15,,,,,,,,1346,1327,1332,D
Winnipeg Jets,SHL,https://www.simulationhockey.com/showthread.php?tid=94958,S48,48, satoshi, zizagooney,, right, notorioustig,, 21, 6ft 0in, 190 lbs, japan, offensive defenseman,,, 12, 5, 15, 17, 17, 12, 15, 17, 15, 12, 15, 15, 5, 17, 15, 16, 16, 14, 15, 15, 5, 5, 9,15,15,15,15,15,,,, 17,,,,,,,,1327,1301,1313,D
Winnipeg Jets,SHL,https://www.simulationhockey.com/showthread.php?tid=94634,S48,48, calogero, crudelli,, right, frankie gooseneck, michael cammalleri, 8, 6ft 2in, 235 lbs, latvia, offensive forward,,, 9, 15, 16, 13, 16, 19, 12, 16, 14, 12, 14, 9, 5, 15, 17, 15, 15, 18, 15, 15, 5, 5, 13,15,15,15,15,15,,,, 15,,,,,,,,1356,1333,1342,LW
Winnipeg Jets,SHL,https://www.simulationhockey.com/showthread.php?tid=92383,S46,46, yoshimitsu, mccloud,, right, academydropout (via discord),, 64, 6ft 3in, 210 lbs, ireland, playmaker forward,,, 13, 8, 15, 17, 16, 15, 7, 16, 15, 10, 15, 7, 16, 16, 16, 16, 15, 15, 15, 15, 5, 5, 12,15,15,15,15,15,,,, 15,,,,,,,,1232,1205,1218,RW
Winnipeg Jets,SHL,https://www.simulationhockey.com/showthread.php?tid=92204,S46,46, nathan, explosion,, right,,, 23, 6''4,222 lb, finland, power forward,,, 0, 18, 16, 13, 15, 12, 8, 13, 17, 17, 12, 10, 15, 14, 12, 13, 15, 14, 16, 16, 11, 8, 13,15,15,15,15,15,,,, 14,,,,,,,,1183,1169,1169,LW
Winnipeg Jets,SHL,https://www.simulationhockey.com/showthread.php?tid=91363,S46,46, commander, shepard,, left,,, 11, 5ft 7in, 180 lbs, canada,,,, 11, 12, 17, 18, 18, 15, 9, 18, 18, 10, 17, 11, 10, 18, 16, 16, 16, 17, 17, 15, 8, 5, 12,15,15,15,15,15,,,, 18,,,,,,,,1836,1811,1822,LW
Winnipeg Jets,SHL,https://www.simulationhockey.com/showthread.php?tid=91326,S46,46, nick, brain,, left, reddit,, 83, 6ft 4in, 228 lbs, united kingdom,,,, 9, 15, 19, 16, 17, 19, 9, 17, 17, 15, 16, 11, 14, 17, 17, 16, 17, 17, 16, 17, 9, 11, 15,15,15,15,15,15,,,, 17,,,,,,,,2010,1987,1996,RW
Winnipeg Jets,SHL,https://www.simulationhockey.com/showthread.php?tid=90910,S46,46, osbert, whacker,, right,, p.k. subban, 76, 6ft 0in, 210 lbs, united states, two-way defenseman,,, 0, 8, 7, 10, 15, 8, 9, 8, 15, 14, 15, 15, 5, 16, 10, 10, 15, 10, 15, 16, 5, 9, 9,15,15,15,15,15,,,, 15,,,,,,,,715,701,701,D
Winnipeg Jets,SHL,https://www.simulationhockey.com/showthread.php?tid=89937,S45,45, slip, mcscruff,, right, reddit r/bostonbruins, brent burns, 25, 6ft 1in, 215 lbs, united states,,,, 0, 5, 8, 17, 17, 12, 12, 12, 18, 18, 17, 17, 5, 18, 17, 15, 17, 15, 17, 17, 5, 11, 17,15,15,15,15,15,,,, 18,,,,,,,,1816,1802,1802,D
Winnipeg Jets,SHL,https://www.simulationhockey.com/showthread.php?tid=86929,S43,43, goku, muerto,, l, recreate,, 71," 6' 1""", 198," reykjavik, iceland",,,, 2, 9, 18, 17, 18, 18, 8, 18, 13, 9, 13, 10, 13, 14, 17, 17, 17, 19, 16, 14, 5, 5, 10,15,15,15,15,15,,,, 14,,,,,,,,1596,1580,1582,C
Winnipeg Jets,SHL,https://www.simulationhockey.com/showthread.php?tid=86593,S43,43, ignatius, blunt,, left, recreate,,4,6ft 1 inch,200,  slovenia, offensive forward,,, 0, 9, 14, 16, 14, 12, 9, 16, 13, 6, 16, 10, 5, 16, 15, 15, 14, 16, 15, 14, 5, 5, 10,15,15,15,15,15,,,, 13,,,,,,,,916,902,902,LW
